associate_or_greater,county,fifth_choice_enrollment,fifth_college_choice_2021_grad_class,fifth_indemand_occupation_by_region,first_indemand_occupation_by_region,fourth_choice_enrollment,fourth_college_choice_2021_grad_class,fourth_indemand_occupation_by_region,hope_access_award,hope_fostercare_cnt,hope_non_traditional_cnt,hope_with_GAMS,nav_email,navigator,outreach_event_hours_invested,second_choice_enrolled,second_college_choice_2021_grad_class,second_indemand_occupation_by_region,third_choice_enrolled,third_college_choice_2021_grad_class,third_indemand_occupation_by_region,tn_Reconnect_active_cnt,top_college_choice_2021_grad_class,tsac_county_specialist,tsac_email,VETS Campuses,2017-2018_ug_enrollment_cnt,2017-2018_undergrad_degrees,2018-2019_ug_enrollment_cnt,2018-2019_undergrad_degrees,2019-2020_ug_enrollment_cnt,2019-2020_undergrad_degrees,2020-2021_ug_enrollment_cnt,2020-2021_undergrad_degrees,2021-2022_ug_enrollment_cnt,2021-2022_undergrad_degrees,2021_average_act_score,2021_first-time_freshman_TELS_recipient_rate,2021_hs_public_grad_rate,adults_25_to_64,bachelors_or_greater,collegegoingrate_2016,collegegoingrate_2021,dual_enrollment_college_enrolled_pct,dual_enrollment_grant_2021_cnt,fafsa_count_2021_2022,fafsa_filing_percentage,highschool_or_greater,hope_aspire_count,hope_dual_enrollment_cnt,hope_scholarship_students,median_income,outreach_attendance,path_to_college_school_cnt,pop_below_poverty_line,population_growth_2020_to_2022,projected_population_growth_2022_2032,some_college_no_degree,students_needed_for_5%_increase_cgr,tn_Promise_awarded_pct,tn_Promise_hs_senior_applications,tn_Reconnect_applicants,top_choice_enrollment,total_lottery_scholarship_awarded,tsaa_awarded,tsaa_eligible_student_cnt,unemployment_rate,Vets,wilder_naifeh_tech_skills_grant_cnt
0.32,Anderson,26,Tennessee Technological University,Editors,Nurse Anesthetists,27,East Tennessee State University,Purchasing Managers,<10,-,<10,106,whitney.mclaughlin@tn.gov,Whitney McLaughlin,31,71,UT Knoxville,Physicists,52,Pellissippi State Community College,Sales Managers,50,Roane State Community College,Rita Turchetta,Rita.Turchetta@tn.gov,Roane State Community College,3231,615,3155,595,3084,599,2977,626,2911,537,19.9,0.629,0.932,39561,0.223,0.692,0.57,0.635,345,4261,0.769,0.898,163,527,493,52338,359,9,0.152,0.009,0.03,0.241,43,0.34,768,273,144,4654109,1194318,807,0.055,1,154
0.233,Bedford,10,TCAT Shelbyville,Marketing Managers,Family Medicine Physicians,12,UT Chattanooga,"Engineers, All Other",-,-,-,51,dwight.fox@tn.gov,Dwight Fox,22.5,64,Middle Tennessee State University,Architectural and Engineering Managers,21,Columbia State Community College,Nurse Practitioners,43,Motlow State Community College,Eric Farmer,Eric.Farmer@tn.gov,Motlow State Community College,1821,338,1816,298,1781,321,1772,339,1657,309,18.1,0.689,0.911,25272,0.178,0.497,0.447,0.697,165,2441,0.711,0.845,108,184,314,52973,181,7,0.138,0.024,0.108,0.197,29,0.23,610,150,80,2663230,656197,461,0.044,1,136
0.205,Benton,<10,UT Knoxville,"Electronics Engineers, Except Computer",Veterinarians,<10,"Bethel University, Union University","Engineers, All Other",-,-,<10,12,toni.reeves@tn.gov,Toni Reeves,1,12,"Jackson State Community College, UT Martin",Mechanical Engineers,<10,Middle Tennessee State University,Civil Engineers,<10,Nashville State Community College,Lori Mitchum,Lori.Mitchum@tn.gov,Jackson State Community College,504,108,485,96,443,77,427,76,384,77,19.5,0.73,0.985,7912,0.12,0.649,0.461,0.735,34,699,0.902,0.874,55,40,77,39019,1,3,0.17,0.001,-0.003,0.192,7,0.234,137,44,15,722715,260926,153,0.072,1,29
0.161,Bledsoe,<10,"Cleveland State Community College, TCAT Chattanooga, Tennessee Technological University",Purchasing Managers,Physician Assistants,<10,Bryan College,Nurse Practitioners,-,-,-,<10,whitney.mclaughlin@tn.gov,Whitney McLaughlin,4,<10,UT Chattanooga,"Education Administrators, Postsecondary",<10,Chattanooga State Community College,Financial Managers,378,TCAT Crossville,Dustin Rawls,Dustin.Rawls@tn.gov,Chattanooga State Community College,304,56,351,68,362,68,364,56,355,60,16.8,0.679,0.923,9035,0.101,0.443,0.352,0.417,60,498,0.729,0.788,21,86,47,49382,16,1,0.205,0.016,0.054,0.161,6,0.191,110,32,11,475815,168756,118,0.075,1,37
0.338,Blount,27,Tennessee Technological University,Editors,Nurse Anesthetists,36,Maryville College,Purchasing Managers,10,<10,<10,264,whitney.mclaughlin@tn.gov,Whitney McLaughlin,88.5,93,UT Knoxville,Physicists,37,East Tennessee State University,Sales Managers,90,Pellissippi State Community College,Erika Adams,Erika.Adams@tn.gov,"Maryville College, Pellissippi State Community College",4268,827,4180,709,4251,766,3982,787,3906,742,20.1,0.706,0.945,68145,0.251,0.623,0.541,0.547,353,6562,0.708,0.909,265,625,1022,60301,1238,5,0.097,0.021,0.084,0.218,61,0.279,1209,404,240,8212632,1933722,1144,0.048,2,158
0.345,Bradley,40,UT Knoxville,Purchasing Managers,Physician Assistants,45,UT Chattanooga,Nurse Practitioners,<10,<10,<10,161,whitney.mclaughlin@tn.gov,Whitney McLaughlin,31.5,63,Lee University,"Education Administrators, Postsecondary",59,Chattanooga State Community College,Financial Managers,68,Cleveland State Community College,Rita Turchetta,Rita.Turchetta@tn.gov,Cleveland State Community College,3721,855,3975,848,3896,966,3590,971,3557,899,18.9,0.669,0.941,54929,0.25,0.659,0.591,0.608,334,6112,0.776,0.888,298,615,939,51872,655,10,0.156,0.017,0.076,0.222,56,0.335,1085,374,283,7331934,2391455,1276,0.054,1,119
0.211,Campbell,<10,Out-of-State Private Institution,Editors,Nurse Anesthetists,<10,UT Knoxville,Purchasing Managers,-,<10,-,20,whitney.mclaughlin@tn.gov,Whitney McLaughlin,37.5,34,TCAT Jacksboro,Physicists,10,East Tennessee State University,Sales Managers,17,Roane State Community College,Erika Adams,Erika.Adams@tn.gov,Roane State Community College,1349,254,1312,255,1372,222,1300,264,1191,242,16.5,0.657,0.902,20556,0.135,0.485,0.469,0.562,153,1852,0.817,0.829,69,235,161,41769,336,6,0.198,-0.003,-0.029,0.217,17,0.295,369,103,63,1621485,544801,376,0.102,1,143
0.227,Cannon,<10,"Freed-Hardeman University, TCAT McMinnville, Volunteer State Community College",Electrical Engineers,Marketing Managers,<10,Middle Tennessee State University,Nurse Practitioners,-,-,-,11,dwight.fox@tn.gov,Dwight Fox,25.5,<10,TCAT Murfreesboro,Software Developers and Software Quality Assurance Analysts and Testers,<10,Tennessee Technological University,Lawyers,15,Motlow State Community College,Eric Farmer,Eric.Farmer@tn.gov,Motlow State Community College,489,90,497,108,441,77,422,80,403,76,17.3,0.7,0.862,7699,0.172,0.575,0.42,0.714,42,573,0.677,0.873,19,67,92,52518,367,6,0.165,0.013,0.045,0.171,6,0.295,122,36,27,703338,139268,95,0.03,1,31
0.288,Carroll,<10,TCAT Paris,"Electronics Engineers, Except Computer",Veterinarians,12,Jackson State Community College,"Engineers, All Other",<10,-,<10,29,toni.reeves@tn.gov,Toni Reeves,44,17,Bethel University,Mechanical Engineers,13,TCAT McKenzie,Civil Engineers,<10,UT Martin,Lori Mitchum,Lori.Mitchum@tn.gov,Jackson State Community College,979,219,935,187,907,185,863,218,817,167,18.9,0.812,0.947,13773,0.216,0.76,0.505,0.63,54,1450,0.776,0.905,76,231,181,42877,347,7,0.168,-0.004,-0.032,0.212,14,0.138,269,50,39,1672375,663263,363,0.04,1,108
0.27,Carter,<10,"King University, Walters State Community College","Electronics Engineers, Except Computer",Veterinarians,15,"Milligan University, UT Knoxville","Engineers, All Other",<10,<10,<10,50,whitney.mclaughlin@tn.gov,Whitney McLaughlin,27.5,77,East Tennessee State University,Mechanical Engineers,35,TCAT Elizabethton,Civil Engineers,70,Northeast State Community College,Erika Adams,Erika.Adams@tn.gov,Northeast State Community College,1947,419,1881,409,1819,392,1733,383,1721,368,17,0.687,0.89,29947,0.203,0.588,0.528,0.759,145,2719,0.88,0.88,154,202,304,40820,221,8,0.191,-0.004,-0.038,0.229,27,0.258,496,165,100,2845042,988230,662,0.059,1,144
0.299,Cheatham,<10,Out-of-State Public Institution,Computer Programmers,Veterinarians,10,UT Chattanooga,Electrical Engineers,-,-,-,49,dwight.fox@tn.gov,Dwight Fox,2,32,Nashville State Community College,Physician Assistants,21,Tennessee Technological University,Training and Development Managers,54,Austin Peay State University,Jonathan Donald,Jonathan.Donald@tn.gov,Nashville State Community College,1470,247,1480,267,1421,300,1399,303,1284,248,18.8,0.729,0.894,22499,0.22,0.644,0.46,0.617,115,1936,0.717,0.882,74,224,343,63988,16,7,0.107,0.01,0.031,0.209,20,0.213,394,95,47,2403104,517323,297,0.043,1,40
0.27,Chester,<10,"Dyersburg State Community College, TCAT Jackson, Union University",Financial Managers,Marketing Managers,<10,"University of Memphis, UT Knoxville",Occupational Therapists,<10,-,-,15,toni.reeves@tn.gov,Toni Reeves,22,17,Freed-Hardeman University,Power Plant Operators,<10,"TCAT Crump, UT Martin",Physician Assistants,<10,Jackson State Community College,Lori Mitchum,Lori.Mitchum@tn.gov,Jackson State Community College,700,133,649,118,653,114,657,138,599,117,19.5,0.625,0.933,8299,0.187,0.764,0.517,0.568,88,934,0.933,0.874,44,172,113,53336,242,1,0.133,0.003,0.015,0.207,10,0.227,176,33,28,1018357,327221,187,0.073,1,69
0.288,Claiborne,<10,"Pellissippi State Community College, Roane State Community College, TCAT Morristown",Editors,Nurse Anesthetists,<10,"Out-of-State Public Institution, TCAT Jacksboro",Purchasing Managers,-,-,-,20,whitney.mclaughlin@tn.gov,Whitney McLaughlin,4.5,17,Lincoln Memorial University,Physicists,10,"East Tennessee State University, UT Knoxville",Sales Managers,17,Walters State Community College,Erika Adams,Erika.Adams@tn.gov,Walters State Community College,709,207,721,146,770,147,723,150,676,142,18.1,0.747,0.94,16587,0.191,0.633,0.507,0.589,107,1647,0.941,0.854,90,155,165,37954,120,6,0.231,0.007,0.018,0.188,15,0.266,282,75,53,1491928,689828,340,0.072,1,56
0.191,Clay,<10,"Austin Peay State University, Freed-Hardeman University, Roane State Community College, UT Knoxville",Electrical Engineers,Marketing Managers,<10,TCAT Hartsville,Nurse Practitioners,-,<10,-,<10,dwight.fox@tn.gov,Dwight Fox,1,10,Volunteer State Community College,Software Developers and Software Quality Assurance Analysts and Testers,<10,TCAT Livingston,Lawyers,<10,Tennessee Technological University,Dustin Rawls,Dustin.Rawls@tn.gov,Volunteer State Community College,382,53,372,56,359,43,402,39,411,46,19.7,0.833,0.974,3723,0.129,0.577,0.479,0.55,60,327,0.743,0.851,16,84,32,32064,25,3,0.259,0.002,-0.004,0.154,4,0.26,77,12,13,362277,81343,60,0.053,1,32
0.178,Cocke,<10,Carson-Newman University,Editors,Nurse Anesthetists,10,UT Knoxville,Purchasing Managers,<10,-,<10,20,whitney.mclaughlin@tn.gov,Whitney McLaughlin,46.5,14,East Tennessee State University,Physicists,12,TCAT Morristown,Sales Managers,64,Walters State Community College,Erika Adams,Erika.Adams@tn.gov,Walters State Community College,978,224,995,203,1004,208,913,179,918,179,17.2,0.68,0.929,18472,0.114,0.503,0.388,0.586,140,1444,0.826,0.849,70,198,152,38530,589,2,0.207,0.007,0.015,0.167,16,0.252,298,97,56,1357983,495433,345,0.086,1,67
0.293,Coffee,11,UT Knoxville,Marketing Managers,Family Medicine Physicians,17,Tennessee Technological University,"Engineers, All Other",-,<10,-,47,dwight.fox@tn.gov,Dwight Fox,32.5,33,Middle Tennessee State University,Architectural and Engineering Managers,18,TCAT Shelbyville,Nurse Practitioners,67,Motlow State Community College,Eric Farmer,Eric.Farmer@tn.gov,Motlow State Community College,1971,393,1971,375,2047,405,1875,383,1835,374,19,0.673,0.911,28596,0.21,0.575,0.49,0.762,172,2899,0.802,0.882,110,190,383,51030,847,4,0.144,0.015,0.063,0.19,29,0.31,532,176,102,2964920,746116,515,0.044,1,138
0.242,Crockett,<10,"Out-of-State Public Institution, TCAT Jackson, TCAT Newbern","Electronics Engineers, Except Computer",Veterinarians,<10,"Union University, University of Memphis","Engineers, All Other",<10,-,-,13,toni.reeves@tn.gov,Toni Reeves,33.5,12,UT Martin,Mechanical Engineers,<10,Dyersburg State Community College,Civil Engineers,<10,Jackson State Community College,Lori Mitchum,Lori.Mitchum@tn.gov,Jackson State Community College,614,119,599,114,583,109,527,122,469,121,17,0.47,0.941,7127,0.164,0.639,0.44,0.481,54,829,0.967,0.877,39,74,81,47581,153,6,0.16,-0.001,-0.011,0.219,11,0.166,181,37,36,756908,280009,178,0.042,1,56
0.244,Cumberland,<10,"East Tennessee State University, Maryville College, Middle Tennessee State University",Electrical Engineers,Marketing Managers,24,UT Knoxville,Nurse Practitioners,<10,<10,<10,54,whitney.mclaughlin@tn.gov,Whitney McLaughlin,19,35,Tennessee Technological University,Software Developers and Software Quality Assurance Analysts and Testers,30,TCAT Crossville,Lawyers,21,Roane State Community College,Dustin Rawls,Dustin.Rawls@tn.gov,Roane State Community College,1836,375,1949,371,1979,440,1750,383,1651,374,18.8,0.763,0.892,27403,0.148,0.606,0.421,0.617,196,2416,0.649,0.871,118,299,241,49423,101,4,0.125,0.024,0.085,0.209,22,0.239,502,120,61,2524475,692909,527,0.062,1,238
0.517,Davidson,93,Belmont University,Computer Programmers,Veterinarians,114,Tennessee State University,Electrical Engineers,15,<10,12,369,dwight.fox@tn.gov,Dwight Fox,231,213,Middle Tennessee State University,Physician Assistants,119,UT Knoxville,Training and Development Managers,"2,390",Nashville State Community College,Jason Seay,Jason.Seay@tn.gov,"Lipscomb University, Nashville State Community College, Tennessee State University",17112,2775,16790,2865,15950,2744,15349,2680,14552,2576,17.7,0.508,0.818,393971,0.452,0.615,0.467,0.503,437,33234,0.757,0.902,1094,785,2704,62515,3123,75,0.142,0.016,0.067,0.184,219,0.165,3962,1971,417,21966380,9311515,5315,0.047,3,405
0.284,Decatur,<10,Bethel University,Financial Managers,Marketing Managers,<10,TCAT Jackson,Occupational Therapists,<10,-,<10,13,toni.reeves@tn.gov,Toni Reeves,6,18,Jackson State Community College,Power Plant Operators,13,TCAT Crump,Physician Assistants,<10,UT Martin,Lori Mitchum,Lori.Mitchum@tn.gov,Jackson State Community College,559,116,581,94,776,98,659,95,668,126,18.5,0.738,0.959,5613,0.171,0.779,0.761,0.62,108,640,1,0.887,48,174,80,40389,115,2,0.187,0.001,-0.012,0.183,6,0.328,131,23,19,861806,297560,179,0.08,1,59
0.256,Dekalb,<10,Volunteer State Community College,Electrical Engineers,Marketing Managers,<10,Cumberland University,Nurse Practitioners,<10,<10,-,14,dwight.fox@tn.gov,Dwight Fox,11,19,Motlow State Community College,Software Developers and Software Quality Assurance Analysts and Testers,10,Middle Tennessee State University,Lawyers,39,Tennessee Technological University,Dustin Rawls,Dustin.Rawls@tn.gov,Motlow State Community College,649,114,666,96,677,113,684,102,640,102,19.2,0.724,0.836,10567,0.192,0.516,0.522,0.724,87,885,0.581,0.815,35,122,127,44389,58,1,0.198,0.015,0.061,0.172,8,0.209,139,46,26,997023,247179,163,0.049,1,45
0.263,Dickson,17,Tennessee Technological University,Computer Programmers,Veterinarians,18,TCAT Dickson,Electrical Engineers,<10,<10,<10,67,dwight.fox@tn.gov,Dwight Fox,2,44,Austin Peay State University,Physician Assistants,23,UT Martin,Training and Development Managers,76,Nashville State Community College,Jonathan Donald,Jonathan.Donald@tn.gov,"Nashville State Community College, TCAT Dickson",1990,329,2110,350,2127,319,1956,414,1868,382,19.2,0.77,0.939,28601,0.181,0.643,0.519,0.592,206,2762,0.843,0.882,94,340,420,57804,99,5,0.119,0.02,0.084,0.23,27,0.227,541,162,70,3256292,805743,520,0.035,2,124
0.284,Dyer,11,UT Martin,"Electronics Engineers, Except Computer",Veterinarians,12,University of Memphis,"Engineers, All Other",<10,<10,<10,50,toni.reeves@tn.gov,Toni Reeves,22.5,24,TCAT Northwest,Mechanical Engineers,13,Out-of-State Public Institution,Civil Engineers,23,Dyersburg State Community College,Lori Mitchum,Lori.Mitchum@tn.gov,Dyersburg State Community College,1638,269,1733,305,1787,371,1636,378,1606,395,20.2,0.676,0.938,18716,0.188,0.639,0.563,0.575,181,2419,0.943,0.884,110,352,188,45042,471,3,0.183,0.002,0.002,0.24,18,0.282,386,145,80,2215972,635363,479,0.062,1,163
0.324,Fayette,<10,"Austin Peay State University, UT Knoxville","Engineers, All Other",Sales Managers,<10,Tennessee State University,Human Resources Managers,-,-,<10,52,toni.reeves@tn.gov,Toni Reeves,13.5,<10,University of Memphis,Architectural and Engineering Managers,<10,TCAT Jackson,Medical and Health Services Managers,15,Southwest Tennessee Community College,Lori Mitchum,Lori.Mitchum@tn.gov,Southwest Tennessee Community College,1268,177,1339,165,1399,181,1310,216,1349,240,15.9,0.662,0.905,21427,0.234,0.525,0.326,0.48,152,2421,0.825,0.902,77,187,305,63618,104,1,0.12,0.024,0.094,0.247,10,0.134,328,88,14,2205517,592526,361,0.064,1,45
0.242,Fentress,<10,Volunteer State Community College,Electrical Engineers,Marketing Managers,<10,"TCAT Crossville, TCAT Livingston",Nurse Practitioners,-,<10,-,<10,whitney.mclaughlin@tn.gov,Whitney McLaughlin,8,13,Tennessee Technological University,Software Developers and Software Quality Assurance Analysts and Testers,<10,TCAT Oneida/Hunstville,Lawyers,<10,Roane State Community College,Dustin Rawls,Dustin.Rawls@tn.gov,Roane State Community College,707,117,700,133,719,125,603,118,604,112,18.4,0.672,0.968,9269,0.16,0.563,0.503,0.58,81,827,0.884,0.845,47,132,87,40203,75,3,0.187,0.007,0.014,0.162,9,0.343,169,54,28,827236,291988,219,0.063,1,81
0.289,Franklin,<10,Middle Tennessee State University,Marketing Managers,Family Medicine Physicians,<10,Out-of-State Public Institution,"Engineers, All Other",<10,-,-,32,dwight.fox@tn.gov,Dwight Fox,24,16,TCAT Shelbyville,Architectural and Engineering Managers,15,Tennessee Technological University,Nurse Practitioners,30,Motlow State Community College,Eric Farmer,Eric.Farmer@tn.gov,Motlow State Community College,1307,270,1362,264,1295,254,1316,287,1423,290,18.4,0.762,0.931,20442,0.204,0.505,0.451,0.652,112,2128,0.812,0.903,94,191,286,47777,615,5,0.154,0.005,0.017,0.197,17,0.286,423,104,57,2324066,504427,350,0.04,1,115
0.283,Gibson,16,Dyersburg State Community College,"Electronics Engineers, Except Computer",Veterinarians,20,University of Memphis,"Engineers, All Other",-,<10,<10,53,toni.reeves@tn.gov,Toni Reeves,94,50,UT Martin,Mechanical Engineers,21,TCAT Jackson,Civil Engineers,23,Jackson State Community College,Lori Mitchum,Lori.Mitchum@tn.gov,Jackson State Community College,2922,386,2759,372,2491,373,2477,425,2371,393,19.1,0.694,0.953,24654,0.203,0.662,0.53,0.526,306,3103,0.91,0.883,153,439,367,45557,942,7,0.154,0.005,0.014,0.226,31,0.186,596,141,73,3205330,1040568,657,0.058,1,124
0.261,Giles,<10,UT Chattanooga,Marketing Managers,Family Medicine Physicians,<10,Out-of-State Public Institution,"Engineers, All Other",<10,<10,<10,18,dwight.fox@tn.gov,Dwight Fox,2,19,Columbia State Community College,Architectural and Engineering Managers,13,TCAT Pulaski,Nurse Practitioners,24,UT Southern,Jonathan Donald,Jonathan.Donald@tn.gov,Columbia State Community College,745,172,742,160,686,106,694,154,638,147,18,0.662,0.901,14823,0.193,0.583,0.443,0.449,49,1372,0.555,0.889,49,185,149,49815,2,4,0.132,0,-0.015,0.19,13,0.145,283,63,35,1286859,351575,231,0.054,1,95
0.224,Grainger,<10,Milligan University,Editors,Nurse Anesthetists,<10,"East Tennessee State University, South College, TCAT Knoxville",Purchasing Managers,<10,-,-,11,whitney.mclaughlin@tn.gov,Whitney McLaughlin,2,11,"Carson-Newman University, TCAT Morristown",Physicists,<10,UT Knoxville,Sales Managers,15,Walters State Community College,Erika Adams,Erika.Adams@tn.gov,Walters State Community College,662,170,681,146,638,153,613,139,583,133,16.3,0.711,0.952,12079,0.14,0.524,0.359,0.514,74,1011,0.824,0.846,51,104,148,44703,5,4,0.168,0.009,0.023,0.203,13,0.254,256,67,39,1163683,358787,196,0.052,1,44
0.262,Greene,16,UT Knoxville,"Electronics Engineers, Except Computer",Veterinarians,23,Tusculum University,"Engineers, All Other",<10,-,<10,74,whitney.mclaughlin@tn.gov,Whitney McLaughlin,46,76,East Tennessee State University,Mechanical Engineers,30,TCAT Morristown,Civil Engineers,87,Walters State Community College,Erika Adams,Erika.Adams@tn.gov,Walters State Community College,2301,531,2495,401,2490,439,2159,416,2141,401,18.8,0.659,0.929,34907,0.184,0.605,0.495,0.552,337,3232,0.849,0.883,199,465,409,43150,291,11,0.169,0.005,0.01,0.19,33,0.24,701,175,117,3807074,1248752,712,0.05,1,126
0.212,Grundy,<10,Bryan College,Purchasing Managers,Physician Assistants,<10,Tennessee Technological University,Nurse Practitioners,<10,-,<10,<10,dwight.fox@tn.gov,Dwight Fox,15,13,Chattanooga State Community College,"Education Administrators, Postsecondary",<10,TCAT McMinnville,Financial Managers,10,Motlow State Community College,Eric Farmer,Eric.Farmer@tn.gov,Chattanooga State Community College,432,82,443,83,423,85,417,129,393,83,17.5,0.635,0.89,6649,0.127,0.514,0.45,0.8,25,577,0.867,0.834,26,49,60,43116,415,1,0.191,-0.01,-0.062,0.182,7,0.274,135,39,15,530167,151567,113,0.08,1,41
0.282,Hamblen,<10,Tennessee Technological University,Editors,Nurse Anesthetists,<10,South College,Purchasing Managers,<10,<10,<10,71,whitney.mclaughlin@tn.gov,Whitney McLaughlin,57.5,35,UT Knoxville,Physicists,22,"Carson-Newman University, East Tennessee State University, TCAT Morristown",Sales Managers,95,Walters State Community College,Erika Adams,Erika.Adams@tn.gov,Walters State Community College,2167,527,2297,486,2301,417,2189,473,2187,462,18.6,0.661,0.906,32697,0.196,0.678,0.51,0.674,215,3391,0.83,0.856,177,394,434,43151,1103,5,0.17,0.01,0.043,0.188,33,0.346,699,199,171,3889725,1218647,774,0.077,1,172
0.453,Hamilton,62,Middle Tennessee State University,Purchasing Managers,Physician Assistants,72,TCAT Chattanooga,Nurse Practitioners,11,10,21,458,whitney.mclaughlin@tn.gov,Whitney McLaughlin,144.5,255,UT Chattanooga,"Education Administrators, Postsecondary",144,UT Knoxville,Financial Managers,308,Chattanooga State Community College,Eric Farmer,Eric.Farmer@tn.gov,"Chattanooga State Community College/TCAT Chattanooga; University of Tennessee, Chattanooga",13068,2489,12891,2331,13144,2519,12657,2520,12380,2367,18.9,0.642,0.855,193151,0.352,0.684,0.547,0.684,992,20259,0.868,0.913,814,1525,2683,56606,1715,35,0.126,0.016,0.066,0.22,128,0.219,2659,1288,415,20356988,5882061,3938,0.046,2,465
0.147,Hancock,,,"Electronics Engineers, Except Computer",Veterinarians,,,"Engineers, All Other",-,-,-,<10,whitney.mclaughlin@tn.gov,Whitney McLaughlin,7,<10,TCAT Morristown,Mechanical Engineers,<10,"East Tennessee State University, Out-of-State Public Institution, Out-of-State Private Institution, Tusculum University, UT Chattanooga",Civil Engineers,<10,Walters State Community College,Erika Adams,Erika.Adams@tn.gov,Walters State Community College,136,38,133,26,137,28,126,27,127,36,16.9,0.769,0.907,3344,0.093,0.55,0.438,0.6,20,170,0.803,0.871,13,32,16,28234,27,1,0.311,-0.012,-0.061,0.263,3,0.368,38,14,10,194480,65338,49,0.12,1,19
0.157,Hardeman,<10,"Austin Peay State University, Freed-Hardeman University, Out-of-State Private Institution",Financial Managers,Marketing Managers,<10,"Tennessee State University, University of Memphis",Occupational Therapists,<10,-,<10,14,toni.reeves@tn.gov,Toni Reeves,12,15,UT Martin,Power Plant Operators,13,TCAT Jackson,Physician Assistants,<10,Jackson State Community College,Lori Mitchum,Lori.Mitchum@tn.gov,Jackson State Community College,817,128,845,138,881,143,818,152,913,166,16.7,0.641,0.918,13647,0.094,0.57,0.439,0.625,80,1284,0.919,0.818,55,120,97,39636,63,2,0.182,-0.005,-0.032,0.189,12,0.218,238,67,34,944225,466245,288,0.131,1,62
0.261,Hardin,<10,Bethel University,Financial Managers,Marketing Managers,11,Out-of-State Public Institution,Occupational Therapists,-,-,-,11,toni.reeves@tn.gov,Toni Reeves,7.5,18,TCAT Crump,Power Plant Operators,12,UT Martin,Physician Assistants,<10,Jackson State Community College,Lori Mitchum,Lori.Mitchum@tn.gov,Jackson State Community College,991,173,852,171,890,114,784,171,767,157,17.9,0.687,0.927,12759,0.179,0.608,0.513,0.474,133,1280,0.931,0.863,60,165,110,42285,263,4,0.174,0.001,-0.011,0.197,12,0.226,288,45,35,1055529,320539,221,0.046,1,110
0.253,Hawkins,10,Tennessee Technological University,"Electronics Engineers, Except Computer",Veterinarians,21,TCAT Morristown,"Engineers, All Other",<10,-,<10,48,whitney.mclaughlin@tn.gov,Whitney McLaughlin,19,49,East Tennessee State University,Mechanical Engineers,46,Walters State Community College,Civil Engineers,43,Northeast State Community College,Erika Adams,Erika.Adams@tn.gov,Walters State Community College,2020,420,2006,390,2068,450,1922,404,1877,413,18,0.677,0.938,29356,0.173,0.635,0.474,0.684,256,2601,0.823,0.904,153,364,335,45318,313,9,0.177,0.002,-0.009,0.218,24,0.283,530,134,52,2927412,849695,581,0.076,1,109
0.157,Haywood,<10,Middle Tennessee State University,Financial Managers,Marketing Managers,<10,"Bethel University, UT Martin",Occupational Therapists,-,-,<10,<10,toni.reeves@tn.gov,Toni Reeves,8,11,University of Memphis,Power Plant Operators,<10,Tennessee State University,Physician Assistants,<10,Jackson State Community College,Lori Mitchum,Lori.Mitchum@tn.gov,Jackson State Community College,744,111,765,107,763,117,820,120,926,133,15.8,0.628,0.92,8898,0.109,0.592,0.416,0.631,84,1176,0.876,0.881,58,152,75,38994,93,5,0.18,-0.014,-0.07,0.217,10,0.184,228,45,26,840490,420496,278,0.058,1,61
0.229,Henderson,12,TCAT Crump,Financial Managers,Marketing Managers,15,TCAT Jackson,Occupational Therapists,<10,<10,<10,37,toni.reeves@tn.gov,Toni Reeves,2.5,21,UT Martin,Power Plant Operators,17,University of Memphis,Physician Assistants,18,Jackson State Community College,Lori Mitchum,Lori.Mitchum@tn.gov,Jackson State Community College,1289,280,1321,269,1499,220,1403,251,1425,241,19.7,0.736,0.937,14414,0.149,0.72,0.626,0.68,181,1493,0.884,0.883,89,284,184,44534,78,3,0.19,0.006,0.019,0.199,15,0.279,290,67,56,1737380,571720,394,0.077,1,107
0.237,Henry,11,"UT Knoxville, UT Martin","Electronics Engineers, Except Computer",Veterinarians,13,Bethel University,"Engineers, All Other",<10,-,<10,33,toni.reeves@tn.gov,Toni Reeves,8,22,Jackson State Community College,Mechanical Engineers,14,TCAT Paris,Civil Engineers,11,Out-of-State Public Institution,Lori Mitchum,Lori.Mitchum@tn.gov,Jackson State Community College,1058,184,1126,184,1068,203,953,177,911,134,19.2,0.795,0.987,15890,0.189,0.55,0.471,0.402,174,1523,0.871,0.903,64,274,143,41037,141,6,0.207,0.002,-0.003,0.195,15,0.117,274,72,28,1407626,460543,302,0.047,1,91
0.171,Hickman,<10,UT Martin,Marketing Managers,Family Medicine Physicians,10,Austin Peay State University,"Engineers, All Other",-,-,-,25,dwight.fox@tn.gov,Dwight Fox,2,19,TCAT Dickson,Architectural and Engineering Managers,12,Nashville State Community College,Nurse Practitioners,275,Columbia State Community College,Jonathan Donald,Jonathan.Donald@tn.gov,Columbia State Community College,852,168,850,147,861,139,811,135,792,144,17.8,0.59,0.934,13430,0.104,0.471,0.489,0.538,65,1113,0.868,0.846,48,128,136,47457,2,3,0.147,0.011,0.039,0.183,12,0.314,258,58,35,1183172,332274,218,0.033,1,72
0.24,Houston,<10,"Tennessee Technological University, Out-of-State Public Institution",Computer Programmers,Veterinarians,<10,Bethel University,Electrical Engineers,<10,-,-,<10,dwight.fox@tn.gov,Dwight Fox,1,<10,Nashville State Community College,Physician Assistants,<10,"Middle Tennessee State University, TCAT Dickson, UT Martin",Training and Development Managers,<10,Austin Peay State University,Jonathan Donald,Jonathan.Donald@tn.gov,Nashville State Community College,279,52,277,49,256,55,237,59,221,44,19.3,0.722,0.89,4115,0.131,0.635,0.517,0.71,31,342,0.74,0.808,17,40,39,43521,1,4,0.148,0.006,0.022,0.159,5,0.194,72,20,15,366830,109727,70,0.058,1,16
0.21,Humphreys,<10,"East Tennessee State University, Freed-Hardeman University, UT Knoxville",Computer Programmers,Veterinarians,<10,Austin Peay State University,Electrical Engineers,<10,<10,-,18,dwight.fox@tn.gov,Dwight Fox,3,18,UT Martin,Physician Assistants,<10,"TCAT Dickson, Tennessee Technological University",Training and Development Managers,12,Nashville State Community College,Jonathan Donald,Jonathan.Donald@tn.gov,Nashville State Community College,727,142,687,130,679,136,643,125,555,126,18.4,0.738,0.937,9437,0.137,0.716,0.506,0.682,66,851,0.821,0.858,40,99,130,48411,11,1,0.155,0.002,0.005,0.173,9,0.237,173,42,45,986443,289474,172,0.091,1,36
0.184,Jackson,,,Electrical Engineers,Marketing Managers,<10,Cumberland University,Nurse Practitioners,-,-,-,<10,dwight.fox@tn.gov,Dwight Fox,1,13,Tennessee Technological University,Software Developers and Software Quality Assurance Analysts and Testers,<10,TCAT Livingston,Lawyers,<10,Volunteer State Community College,Dustin Rawls,Dustin.Rawls@tn.gov,Volunteer State Community College,493,92,475,71,449,70,417,65,411,76,18.1,0.696,0.885,6143,0.124,0.657,0.443,0.615,52,492,0.722,0.84,21,101,48,35880,1,3,0.16,0.009,0.021,0.194,5,0.276,98,19,22,441634,117245,95,0.076,1,30
0.267,Jefferson,<10,UT Chattanooga,Editors,Nurse Anesthetists,15,UT Knoxville,Purchasing Managers,<10,<10,<10,56,whitney.mclaughlin@tn.gov,Whitney McLaughlin,7,24,East Tennessee State University,Physicists,22,Carson-Newman University,Sales Managers,82,Walters State Community College,Erika Adams,Erika.Adams@tn.gov,Walters State Community College,1685,362,1670,325,1588,315,1552,308,1465,292,18.7,0.638,0.96,27920,0.179,0.565,0.466,0.634,153,2688,0.908,0.889,134,223,324,51899,94,6,0.131,0.016,0.059,0.232,23,0.267,475,162,87,2762880,955780,537,0.062,1,102
0.191,Johnson,<10,"King University, Walters State Community College","Electronics Engineers, Except Computer",Veterinarians,<10,UT Knoxville,"Engineers, All Other",-,-,<10,12,whitney.mclaughlin@tn.gov,Whitney McLaughlin,5,19,East Tennessee State University,Mechanical Engineers,<10,TCAT Elizabethton,Civil Engineers,163,Northeast State Community College,Erika Adams,Erika.Adams@tn.gov,Northeast State Community College,352,66,396,67,385,63,448,81,465,88,17.7,0.667,0.907,9472,0.111,0.525,0.534,0.696,46,674,0.904,0.807,43,82,67,38090,56,4,0.237,-0.003,-0.024,0.193,7,0.273,139,34,33,667738,229930,149,0.03,1,31
0.504,Knox,56,Middle Tennessee State University,Editors,Nurse Anesthetists,85,Roane State Community College,Purchasing Managers,18,12,29,"1,078",whitney.mclaughlin@tn.gov,Whitney McLaughlin,153.5,597,UT Knoxville,Physicists,90,East Tennessee State University,Sales Managers,428,Pellissippi State Community College,Rita Turchetta,Rita.Turchetta@tn.gov,"Pellissippi State Community College; University of Tennessee, Knoxville",17034,3488,16919,3353,16477,3373,15787,3306,15121,3073,20.4,0.712,0.9,239072,0.408,0.649,0.595,0.696,1186,27298,0.737,0.93,1058,1839,4075,59250,1966,45,0.132,0.019,0.085,0.196,199,0.287,4294,1473,855,32383235,7195396,4459,0.042,2,497
0.115,Lake,<10,"Bethel University, Middle Tennessee State University","Electronics Engineers, Except Computer",Veterinarians,<10,University of Memphis,"Engineers, All Other",-,-,-,<10,toni.reeves@tn.gov,Toni Reeves,2,<10,UT Martin,Mechanical Engineers,<10,TCAT Northwest,Civil Engineers,121,Dyersburg State Community College,Lori Mitchum,Lori.Mitchum@tn.gov,Dyersburg State Community College,206,27,227,29,231,42,248,43,238,55,17.2,0.7,0.82,4511,0.075,0.551,0.725,0.625,24,309,0.917,0.751,16,35,15,34230,40,1,0.31,-0.009,-0.021,0.169,2,0.302,43,15,12,179616,115368,73,0.124,1,21
0.172,Lauderdale,<10,"Jackson State Community College, University of Memphis","Engineers, All Other",Sales Managers,10,"Bethel University, TCAT Covington",Human Resources Managers,-,-,<10,13,toni.reeves@tn.gov,Toni Reeves,5,16,TCAT Ripley,Architectural and Engineering Managers,15,UT Martin,Medical and Health Services Managers,271,Dyersburg State Community College,Lori Mitchum,Lori.Mitchum@tn.gov,Dyersburg State Community College,1151,208,1188,180,1143,270,1142,243,1038,213,17,0.651,0.962,13616,0.103,0.619,0.479,0.605,147,1497,0.88,0.805,62,154,118,41905,108,4,0.195,-0.001,-0.014,0.176,14,0.212,283,85,36,1186198,501741,340,0.07,1,118
0.218,Lawrence,15,UT Chattanooga,Marketing Managers,Family Medicine Physicians,18,UT Southern,"Engineers, All Other",<10,-,<10,33,dwight.fox@tn.gov,Dwight Fox,3,28,TCAT Pulaski,Architectural and Engineering Managers,23,Out-of-State Public Institution,Nurse Practitioners,59,Columbia State Community College,Jonathan Donald,Jonathan.Donald@tn.gov,Columbia State Community College,1685,349,1656,313,1667,211,1572,233,1601,214,18.5,0.676,0.956,21808,0.139,0.613,0.539,0.475,238,2234,0.889,0.874,87,342,272,43734,3,4,0.167,0.007,0.019,0.207,24,0.274,508,101,93,2204281,556406,458,0.082,1,176
0.204,Lewis,<10,"Tennessee Technological University, Out-of-State Public Institution",Marketing Managers,Family Medicine Physicians,<10,"UT Martin, UT Southern","Engineers, All Other",-,-,-,<10,dwight.fox@tn.gov,Dwight Fox,3,<10,TCAT Hohenwald,Architectural and Engineering Managers,<10,Freed-Hardeman University,Nurse Practitioners,<10,Columbia State Community College,Jonathan Donald,Jonathan.Donald@tn.gov,Columbia State Community College,348,77,355,75,378,81,322,73,328,60,18.2,0.7,0.981,6010,0.108,0.567,0.455,0.262,42,482,0.925,0.867,16,129,53,36977,59,1,0.203,0.002,-0.006,0.226,6,0.222,108,,17,490091,133019,101,0.045,1,53
0.278,Lincoln,<10,UT Martin,Marketing Managers,Family Medicine Physicians,12,"TCAT Shelbyville, UT Knoxville","Engineers, All Other",<10,-,-,27,dwight.fox@tn.gov,Dwight Fox,5,16,Out-of-State Public Institution,Architectural and Engineering Managers,14,"Middle Tennessee State University, TCAT Pulaski",Nurse Practitioners,17,Motlow State Community College,Jonathan Donald,Jonathan.Donald@tn.gov,Motlow State Community College,1131,262,1140,231,1198,206,1106,199,1031,222,19.5,0.74,0.942,17462,0.195,0.579,0.541,0.586,162,1730,0.873,0.876,67,184,234,53923,92,3,0.117,0.008,0.03,0.18,18,0.286,367,71,54,1843942,370906,257,0.038,1,91
0.352,Loudon,<10,South College,Editors,Nurse Anesthetists,10,"East Tennessee State University, TCAT Harriman, Tennessee Technological University",Purchasing Managers,<10,<10,<10,65,whitney.mclaughlin@tn.gov,Whitney McLaughlin,12,41,Roane State Community College,Physicists,22,UT Knoxville,Sales Managers,21,Pellissippi State Community College,Rita Turchetta,Rita.Turchetta@tn.gov,Roane State Community College,1625,323,1699,290,1759,333,1607,339,1545,324,18.8,0.688,0.913,25130,0.253,0.587,0.438,0.764,140,2268,0.77,0.866,89,220,387,61664,60,6,0.122,0.028,0.113,0.21,23,0.322,451,115,48,2879469,590632,370,0.036,1,55
0.161,Macon,<10,UT Knoxville,Electrical Engineers,Marketing Managers,10,TCAT Hartsville,Nurse Practitioners,-,-,-,22,dwight.fox@tn.gov,Dwight Fox,7,19,Tennessee Technological University,Software Developers and Software Quality Assurance Analysts and Testers,12,Cumberland University,Lawyers,15,Volunteer State Community College,Dustin Rawls,Dustin.Rawls@tn.gov,Volunteer State Community College,982,151,1005,110,873,130,755,125,781,148,18.6,0.744,0.893,12352,0.085,0.64,0.5,0.438,130,1005,0.667,0.832,50,195,126,38080,50,3,0.168,0.022,0.101,0.172,11,0.256,211,51,37,1136712,309045,204,0.044,1,50
0.335,Madison,15,TCAT Jackson,Financial Managers,Marketing Managers,17,Middle Tennessee State University,Occupational Therapists,<10,<10,<10,114,toni.reeves@tn.gov,Toni Reeves,59,27,University of Memphis,Power Plant Operators,20,UT Martin,Physician Assistants,65,Jackson State Community College,Lori Mitchum,Lori.Mitchum@tn.gov,"Jackson State Community College, Lane College",3869,629,3881,545,3865,659,3394,629,3725,559,16.5,0.562,0.857,49015,0.262,0.64,0.438,0.61,308,6491,0.738,0.904,256,617,514,48396,851,7,0.197,0.003,0.007,0.222,37,0.195,919,304,122,5071093,1980877,1190,0.067,2,198
0.205,Marion,<10,UT Knoxville,Purchasing Managers,Physician Assistants,<10,Tennessee Technological University,Nurse Practitioners,<10,-,<10,16,whitney.mclaughlin@tn.gov,Whitney McLaughlin,18,13,"Middle Tennessee State University, UT Chattanooga","Education Administrators, Postsecondary",12,TCAT Chattanooga,Financial Managers,21,Chattanooga State Community College,Eric Farmer,Eric.Farmer@tn.gov,Chattanooga State Community College,957,202,882,169,788,163,701,176,698,122,18.3,0.725,0.88,14928,0.118,0.658,0.459,0.58,81,1377,0.806,0.849,64,101,159,50059,172,7,0.166,0,-0.013,0.24,15,0.204,313,93,54,1272784,397820,284,0.052,1,49
0.252,Marshall,10,UT Knoxville,Marketing Managers,Family Medicine Physicians,13,UT Southern,"Engineers, All Other",<10,-,<10,38,dwight.fox@tn.gov,Dwight Fox,1,19,Middle Tennessee State University,Architectural and Engineering Managers,14,TCAT Shelbyville,Nurse Practitioners,36,Columbia State Community College,Jonathan Donald,Jonathan.Donald@tn.gov,Columbia State Community College,1250,229,1248,194,1312,195,1130,197,1109,187,19,0.663,0.912,17873,0.153,0.589,0.495,0.57,158,1684,0.731,0.883,91,143,233,55299,10,2,0.162,0.023,0.093,0.219,20,0.307,362,94,64,1876810,504327,367,0.064,1,85
0.377,Maury,<10,TCAT Pulaski,Marketing Managers,Family Medicine Physicians,10,"Tennessee Technological University, Out-of-State Public Institution","Engineers, All Other",-,-,-,98,dwight.fox@tn.gov,Dwight Fox,15.5,17,UT Southern,Architectural and Engineering Managers,16,Middle Tennessee State University,Nurse Practitioners,135,Columbia State Community College,Jonathan Donald,Jonathan.Donald@tn.gov,Columbia State Community College,3340,582,3333,537,3501,559,3175,527,3049,513,18.1,0.576,0.865,50323,0.255,0.617,0.48,0.444,360,4947,0.666,0.922,141,491,667,60567,159,16,0.09,0.033,0.143,0.208,38,0.32,827,299,195,4891427,1156406,796,0.038,1,149
0.278,McMinn,14,UT Chattanooga,Purchasing Managers,Physician Assistants,16,East Tennessee State University,Nurse Practitioners,<10,<10,<10,70,whitney.mclaughlin@tn.gov,Whitney McLaughlin,8,31,Tennessee Wesleyan University,"Education Administrators, Postsecondary",18,TCAT Athens,Financial Managers,31,Cleveland State Community College,Rita Turchetta,Rita.Turchetta@tn.gov,Cleveland State Community College,1616,372,1650,312,1561,370,1419,354,1424,329,18.6,0.657,0.924,27279,0.178,0.578,0.499,0.465,213,2489,0.695,0.877,129,335,326,46872,67,5,0.163,0.01,0.036,0.216,24,0.25,480,144,69,3074582,903531,470,0.062,1,91
0.238,McNairy,<10,UT Chattanooga,Financial Managers,Marketing Managers,10,University of Memphis,Occupational Therapists,<10,-,<10,17,toni.reeves@tn.gov,Toni Reeves,11.5,20,UT Martin,Power Plant Operators,18,TCAT Crump,Physician Assistants,<10,Jackson State Community College,Lori Mitchum,Lori.Mitchum@tn.gov,Jackson State Community College,1091,184,1102,164,1232,161,1072,213,1044,200,18.6,0.756,0.956,12888,0.15,0.7,0.51,0.483,145,1291,0.811,0.886,67,294,157,40327,31,5,0.185,0.007,0.018,0.196,15,0.194,284,46,40,1462147,391571,246,0.069,1,93
0.171,Meigs,<10,"Carson-Newman University, Chattanooga State Community College, Lee University, Out-of-State Private Institution, TCAT Chattanooga, UT Knoxville",Purchasing Managers,Physician Assistants,<10,"South College, Tennessee Technological University",Nurse Practitioners,<10,-,-,19,whitney.mclaughlin@tn.gov,Whitney McLaughlin,4,10,Tennessee Wesleyan University,"Education Administrators, Postsecondary",<10,UT Chattanooga,Financial Managers,<10,Cleveland State Community College,Rita Turchetta,Rita.Turchetta@tn.gov,Cleveland State Community College,404,75,452,83,442,105,389,94,371,96,19.5,0.712,0.974,6305,0.089,0.532,0.559,0.547,64,519,0.937,0.856,24,86,67,50733,70,1,0.154,0.012,0.043,0.213,6,0.261,115,30,24,601527,154757,97,0.089,1,7
0.24,Monroe,11,TCAT Athens,Editors,Nurse Anesthetists,16,Pellissippi State Community College,Purchasing Managers,<10,<10,-,31,whitney.mclaughlin@tn.gov,Whitney McLaughlin,4,18,Tennessee Wesleyan University,Physicists,17,Roane State Community College,Sales Managers,21,Cleveland State Community College,Rita Turchetta,Rita.Turchetta@tn.gov,Cleveland State Community College,1297,258,1318,218,1315,233,1225,240,1183,204,17.3,0.785,0.862,23321,0.155,0.514,0.409,0.453,192,1736,0.705,0.88,95,373,238,45576,20,3,0.169,0.014,0.047,0.218,22,0.255,408,93,51,2129212,704911,374,0.069,1,54
0.417,Montgomery,29,TCAT Dickson,Computer Programmers,Veterinarians,38,"Middle Tennessee State University, UT Chattanooga",Electrical Engineers,<10,<10,14,199,dwight.fox@tn.gov,Dwight Fox,42.5,86,Nashville State Community College,Physician Assistants,84,UT Knoxville,Training and Development Managers,200,Austin Peay State University,Jonathan Donald,Jonathan.Donald@tn.gov,"Austin Peay State University, Nashville State Community College",8271,1447,8481,1498,8669,1642,8107,1809,7927,1430,19.2,0.622,0.93,108301,0.301,0.479,0.454,0.634,560,15774,0.696,0.945,504,816,1221,60878,651,17,0.123,0.04,0.19,0.267,109,0.224,1718,787,417,10608208,4567310,2969,0.06,2,331
0.323,Moore,<10,"Bryan College, Freed-Hardeman University, UT Knoxville, Volunteer State Community College",Marketing Managers,Family Medicine Physicians,<10,UT Chattanooga,"Engineers, All Other",-,-,-,14,dwight.fox@tn.gov,Dwight Fox,1,<10,TCAT Shelbyville,Architectural and Engineering Managers,<10,Tennessee Technological University,Nurse Practitioners,<10,Motlow State Community College,Eric Farmer,Eric.Farmer@tn.gov,Motlow State Community College,234,47,257,43,275,63,266,52,254,60,20.5,0.738,0.902,3324,0.212,0.681,0.649,0.882,34,328,0.831,0.907,,39,58,63762,1,1,0.08,0.005,0.018,0.159,4,0.47,66,17,15,474717,79069,58,0.039,1,19
0.202,Morgan,<10,South College,Editors,Nurse Anesthetists,<10,TCAT Oneida/Huntsville,Purchasing Managers,-,<10,-,<10,whitney.mclaughlin@tn.gov,Whitney McLaughlin,11.5,16,TCAT Harriman,Physicists,11,Tennessee Technological University,Sales Managers,241,Roane State Community College,Rita Turchetta,Rita.Turchetta@tn.gov,Roane State Community College,926,173,896,190,886,146,826,151,933,188,16.2,0.795,0.977,11753,0.117,0.579,0.476,0.574,115,913,0.814,0.827,59,198,108,41701,188,4,0.226,0.007,0.021,0.175,11,0.393,211,47,51,1140243,276269,205,0.077,1,90
0.226,Obion,<10,"Bethel University, Out-of-State Public Institution, UT Chattanooga","Electronics Engineers, Except Computer",Veterinarians,10,UT Knoxville,"Engineers, All Other",<10,-,<10,36,toni.reeves@tn.gov,Toni Reeves,21.5,34,Dyersburg State Community College,Mechanical Engineers,15,TCAT Northwest,Civil Engineers,19,UT Martin,Lori Mitchum,Lori.Mitchum@tn.gov,Dyersburg State Community College,1078,207,1099,180,1058,262,1004,261,960,233,19.6,0.756,0.879,15205,0.165,0.642,0.579,0.66,53,1645,0.766,0.85,96,209,186,39985,237,4,0.191,-0.005,-0.033,0.184,16,0.19,316,83,71,1746345,557240,366,0.062,1,100
0.181,Overton,<10,"UT Chattanooga, UT Knoxville",Electrical Engineers,Marketing Managers,<10,Maryville College,Nurse Practitioners,<10,-,<10,16,dwight.fox@tn.gov,Dwight Fox,2,30,Volunteer State Community College,Software Developers and Software Quality Assurance Analysts and Testers,26,TCAT Livingston,Lawyers,13,Tennessee Technological University,Dustin Rawls,Dustin.Rawls@tn.gov,Volunteer State Community College,1160,196,1106,192,1102,183,1025,158,1033,193,18.5,0.728,0.905,11149,0.126,0.615,0.517,0.623,167,1103,0.776,0.86,61,214,143,36478,11,3,0.192,0.012,0.043,0.185,11,0.243,251,46,35,1291082,331148,247,0.036,1,103
0.16,Perry,<10,"Tennessee Technological University, Out-of-State Public Institution",Marketing Managers,Family Medicine Physicians,<10,UT Southern,"Engineers, All Other",<10,-,<10,<10,dwight.fox@tn.gov,Dwight Fox,1,<10,UT Martin,Architectural and Engineering Managers,<10,Nashville State Community College,Nurse Practitioners,<10,TCAT Hohenwald,Lori Mitchum,Lori.Mitchum@tn.gov,Columbia State Community College,292,82,307,79,264,49,266,71,252,42,17.5,0.739,0.824,3907,0.089,0.789,0.755,0.857,28,350,0.987,0.803,24,85,30,48716,1,2,0.236,0.008,0.031,0.178,3,0.459,61,17,12,438235,140377,105,0.088,1,67
0.26,Pickett,<10,"East Tennessee State University, Johnson University, Out-of-State Private Institution",Electrical Engineers,Marketing Managers,<10,"Middle Tennessee State University, UT Knoxville",Nurse Practitioners,<10,-,-,<10,dwight.fox@tn.gov,Dwight Fox,3,<10,TCAT Livingston,Software Developers and Software Quality Assurance Analysts and Testers,<10,Volunteer State Community College,Lawyers,<10,Tennessee Technological University,Dustin Rawls,Dustin.Rawls@tn.gov,Volunteer State Community College,192,39,220,50,229,45,190,44,186,37,20.7,0.875,0.977,2469,0.134,0.778,0.738,0.735,34,228,0.685,0.802,14,36,31,43125,23,1,0.193,-0.008,-0.042,0.164,3,0.279,43,,11,308761,87818,60,0.048,1,26
0.268,Polk,<10,"TCAT Athens, TCAT Chattanooga, Tennessee Wesleyan University",Purchasing Managers,Physician Assistants,<10,"Chattanooga State Community College, UT Knoxville",Nurse Practitioners,<10,-,-,<10,whitney.mclaughlin@tn.gov,Whitney McLaughlin,2,<10,Lee University,"Education Administrators, Postsecondary",<10,UT Chattanooga,Financial Managers,<10,Cleveland State Community College,Rita Turchetta,Rita.Turchetta@tn.gov,Cleveland State Community College,480,126,514,103,495,105,440,113,442,102,18.1,0.738,0.892,8897,0.129,0.531,0.493,0.656,61,658,0.951,0.865,32,81,82,45326,2,4,0.124,0.01,0.034,0.241,8,0.357,140,40,35,683676,223639,137,0.063,1,21
0.345,Putnam,11,UT Chattanooga,Electrical Engineers,Marketing Managers,22,TCAT Livingston,Nurse Practitioners,<10,<10,34,136,dwight.fox@tn.gov,Dwight Fox,30.5,70,Volunteer State Community College,Software Developers and Software Quality Assurance Analysts and Testers,29,UT Knoxville,Lawyers,91,Tennessee Technological University,Dustin Rawls,Dustin.Rawls@tn.gov,"Tennessee Technological University, Volunteer State Community College",3527,544,3647,578,3537,535,3585,530,3600,527,19.9,0.756,0.919,38023,0.279,0.573,0.508,0.74,365,4640,0.752,0.904,288,627,671,45160,651,11,0.178,0.024,0.107,0.198,37,0.187,706,202,156,5798435,1657633,1060,0.059,2,157
0.237,Rhea,<10,UT Chattanooga,Purchasing Managers,Physician Assistants,13,Roane State Community College,Nurse Practitioners,-,-,<10,28,whitney.mclaughlin@tn.gov,Whitney McLaughlin,5,16,Bryan College,"Education Administrators, Postsecondary",15,UT Knoxville,Financial Managers,24,Chattanooga State Community College,Rita Turchetta,Rita.Turchetta@tn.gov,"Bryan College, Chattanooga State Community College",977,189,999,180,969,223,893,199,873,178,18.6,0.726,0.829,16455,0.16,0.595,0.472,0.662,74,1412,0.716,0.84,84,88,208,46096,131,2,0.171,0.012,0.049,0.21,16,0.239,326,90,45,1679593,605347,346,0.088,2,48
0.299,Roane,12,"Tennessee Technological University, UT Chattanooga",Editors,Nurse Anesthetists,16,UT Knoxville,Purchasing Managers,<10,-,<10,67,whitney.mclaughlin@tn.gov,Whitney McLaughlin,41,35,TCAT Harriman,Physicists,20,Pellissippi State Community College,Sales Managers,23,Roane State Community College,Rita Turchetta,Rita.Turchetta@tn.gov,Roane State Community College,2356,476,2357,459,2212,432,2119,429,1970,428,18.4,0.687,0.903,27306,0.196,0.661,0.525,0.633,240,2697,0.741,0.922,96,331,376,55578,862,15,0.135,0.002,-0.007,0.263,22,0.303,522,166,87,3297986,708834,488,0.06,1,129
0.307,Robertson,18,Tennessee Technological University,Computer Programmers,Veterinarians,20,UT Chattanooga,Electrical Engineers,-,<10,<10,85,dwight.fox@tn.gov,Dwight Fox,11,46,Austin Peay State University,Physician Assistants,22,Out-of-State Public Institution,Training and Development Managers,47,Volunteer State Community College,Dustin Rawls,Dustin.Rawls@tn.gov,Volunteer State Community College,2439,455,2544,433,2515,472,2444,503,2308,456,18.4,0.731,0.868,38212,0.223,0.586,0.414,0.601,233,3608,0.561,0.897,142,402,584,66088,199,7,0.112,0.023,0.098,0.203,49,0.282,756,222,114,4197122,1009455,645,0.047,1,78
0.43,Rutherford,76,UT Chattanooga,Computer Programmers,Veterinarians,87,Tennessee Technological University,Electrical Engineers,<10,<10,16,606,dwight.fox@tn.gov,Dwight Fox,148.5,411,Motlow State Community College,Physician Assistants,144,UT Knoxville,Training and Development Managers,566,Middle Tennessee State University,Eric Farmer,Eric.Farmer@tn.gov,"Middle Tennessee State University, Motlow State Community College",12801,2054,13407,2133,13688,2262,13373,2413,13242,2219,19.8,0.677,0.951,170584,0.341,0.659,0.55,0.658,1166,22261,0.732,0.933,823,1390,3332,68718,2356,27,0.103,0.048,0.231,0.236,182,0.185,3422,956,563,24334785,5951656,3713,0.042,2,447
0.163,Scott,<10,UT Knoxville,Editors,Nurse Anesthetists,10,Tennessee Technological University,Purchasing Managers,-,<10,<10,21,whitney.mclaughlin@tn.gov,Whitney McLaughlin,18,31,TCAT Oneida/Huntsville,Physicists,12,East Tennessee State University,Sales Managers,<10,Roane State Community College,Rita Turchetta,Rita.Turchetta@tn.gov,Roane State Community College,1178,249,1121,218,1068,146,1016,191,1017,195,18.5,0.814,0.947,11392,0.094,0.673,0.574,0.594,197,1143,0.626,0.827,72,366,111,37135,167,4,0.22,0.002,-0.002,0.2,13,0.285,267,43,51,1312324,417021,281,0.082,1,115
0.207,Sequatchie,<10,Middle Tennessee State University,Purchasing Managers,Physician Assistants,<10,"TCAT Chattanooga, UT Knoxville",Nurse Practitioners,<10,-,<10,16,whitney.mclaughlin@tn.gov,Whitney McLaughlin,1,<10,Tennessee Technological University,"Education Administrators, Postsecondary",<10,UT Chattanooga,Financial Managers,12,Chattanooga State Community College,Dustin Rawls,Dustin.Rawls@tn.gov,Chattanooga State Community College,557,93,593,115,597,128,568,114,535,120,17.9,0.706,0.844,7852,0.139,0.577,0.548,0.872,39,675,0.631,0.855,27,62,85,44217,1,1,0.216,0.019,0.078,0.219,7,0.287,150,40,33,668966,206798,157,0.047,1,36
0.264,Sevier,11,TCAT Knoxville,Editors,Nurse Anesthetists,15,"Carson-Newman University, Maryville College",Purchasing Managers,<10,-,<10,123,whitney.mclaughlin@tn.gov,Whitney McLaughlin,139,73,UT Knoxville,Physicists,46,East Tennessee State University,Sales Managers,96,Walters State Community College,Erika Adams,Erika.Adams@tn.gov,Walters State Community College,2969,677,2997,592,2859,553,2721,589,2532,502,19.2,0.686,0.917,51000,0.178,0.588,0.487,0.672,268,4127,0.709,0.879,230,416,496,51734,2099,4,0.142,0.027,0.115,0.248,49,0.248,919,254,211,4666209,1406459,825,0.048,1,65
0.403,Shelby,126,Middle Tennessee State University,"Engineers, All Other",Sales Managers,225,Tennessee State University,Human Resources Managers,40,<10,16,883,toni.reeves@tn.gov,Toni Reeves,449,887,Southwest Tennessee Community College,Architectural and Engineering Managers,245,UT Knoxville,Medical and Health Services Managers,881,University of Memphis,Felicia Orr,Felicia.Orr@tn.gov,"Christian Brothers University, Southwest Tennessee Community College, University of Memphis, University of Tennessee Health Science Center",32985,5058,33209,4705,32920,4465,30565,4752,28898,4432,18,0.58,0.796,488665,0.334,0.62,0.49,0.504,2516,64001,0.783,0.9,2234,3584,4973,52092,7315,69,0.19,0.004,0.015,0.228,431,0.109,7853,2831,1137,41608100,18907457,11171,0.074,4,876
0.257,Smith,<10,Middle Tennessee State University,Electrical Engineers,Marketing Managers,<10,TCAT Hartsville,Nurse Practitioners,-,-,-,17,dwight.fox@tn.gov,Dwight Fox,3,16,Tennessee Technological University,Software Developers and Software Quality Assurance Analysts and Testers,15,Cumberland University,Lawyers,16,Volunteer State Community College,Dustin Rawls,Dustin.Rawls@tn.gov,Volunteer State Community College,801,122,840,113,638,106,624,135,543,115,18.2,0.667,0.939,10596,0.179,0.637,0.439,0.409,66,905,0.704,0.867,43,112,136,48611,31,2,0.147,0.012,0.045,0.198,10,0.173,191,56,19,1072608,281746,159,0.037,1,44
0.271,Stewart,<10,"Nashville State Community College, Tennessee Technological University",Computer Programmers,Veterinarians,<10,UT Chattanooga,Electrical Engineers,-,-,<10,14,dwight.fox@tn.gov,Dwight Fox,1,10,Out-of-State Public Institution,Physician Assistants,<10,UT Martin,Training and Development Managers,<10,Austin Peay State University,Jonathan Donald,Jonathan.Donald@tn.gov,Nashville State Community College,403,70,428,66,463,91,463,107,428,71,18.7,0.732,0.958,7011,0.191,0.608,0.393,0.551,49,720,0.656,0.882,29,81,81,49537,1,0,0.133,0.007,0.021,0.19,7,0.131,107,28,22,657061,239766,146,0.06,1,26
0.355,Sullivan,20,TCAT Elizabethton,"Electronics Engineers, Except Computer",Veterinarians,22,King University,"Engineers, All Other",<10,<10,11,275,whitney.mclaughlin@tn.gov,Whitney McLaughlin,43.5,210,East Tennessee State University,Mechanical Engineers,84,UT Knoxville,Civil Engineers,147,Northeast State Community College,Erika Adams,Erika.Adams@tn.gov,Northeast State Community College,6056,1270,6138,1259,6179,1207,5813,1173,5486,1126,20,0.659,0.939,80720,0.255,0.686,0.615,0.707,535,8406,0.785,0.895,412,654,1132,47438,936,11,0.155,0.005,0.007,0.209,77,0.292,1389,441,382,9407935,2630046,1733,0.065,1,125
0.399,Sumner,60,Tennessee Technological University,Computer Programmers,Veterinarians,68,UT Knoxville,Electrical Engineers,<10,-,<10,333,dwight.fox@tn.gov,Dwight Fox,38,86,Out-of-State Public Institution,Physician Assistants,81,UT Chattanooga,Training and Development Managers,139,Volunteer State Community College,Dustin Rawls,Dustin.Rawls@tn.gov,Volunteer State Community College,7133,1241,7439,1249,7409,1395,7045,1367,6542,1300,20.2,0.664,0.945,99285,0.302,0.708,0.539,0.579,743,10913,0.765,0.914,368,832,1580,69878,666,23,0.099,0.033,0.147,0.235,99,0.285,2185,644,390,12149523,2621818,1660,0.034,1,195
0.288,Tipton,15,Southwest Tennessee Community College,"Engineers, All Other",Sales Managers,31,UT Martin,Human Resources Managers,<10,-,<10,61,toni.reeves@tn.gov,Toni Reeves,3.5,71,University of Memphis,Architectural and Engineering Managers,33,TCAT Covington,Medical and Health Services Managers,28,Dyersburg State Community College,Lori Mitchum,Lori.Mitchum@tn.gov,Dyersburg State Community College,2997,523,2963,514,2918,603,2723,597,2734,687,19.5,0.717,0.909,32461,0.18,0.651,0.574,0.666,305,4008,0.942,0.899,143,495,457,62474,80,3,0.116,0.011,0.039,0.254,35,0.282,695,189,143,3996051,1103961,782,0.053,1,222
0.181,Trousdale,<10,"Belmont University, Bethel University, Columbia State Community College, Out-of-State Private Institutions (2), Out-of-State Public Institutions (2), Roane State Community College, TCAT Hartsville, UT Knoxville",Computer Programmers,Veterinarians,<10,Out-of-State Private Institution,Electrical Engineers,<10,<10,-,14,dwight.fox@tn.gov,Dwight Fox,1,<10,"Cumberland University, Middle Tennessee State University",Physician Assistants,<10,"Tennessee Technological University, Out-of-State Public Institution",Training and Development Managers,<10,Volunteer State Community College,Dustin Rawls,Dustin.Rawls@tn.gov,Volunteer State Community College,409,50,450,48,397,64,377,66,335,71,19.4,0.815,0.988,6337,0.124,0.691,0.537,0.329,82,452,0.867,0.878,15,135,43,56981,1,1,0.098,0.017,0.065,0.247,5,0.219,96,34,11,471949,144504,92,0.046,1,23
0.247,Unicoi,<10,"Belmont University, Milligan University","Electronics Engineers, Except Computer",Veterinarians,<10,TCAT Elizabethton,"Engineers, All Other",<10,-,<10,25,whitney.mclaughlin@tn.gov,Whitney McLaughlin,1,30,East Tennessee State University,Mechanical Engineers,12,UT Knoxville,Civil Engineers,25,Northeast State Community College,Erika Adams,Erika.Adams@tn.gov,Northeast State Community College,702,145,702,123,748,123,691,144,654,146,18.7,0.705,0.913,9275,0.156,0.643,0.625,0.797,59,897,0.969,0.895,68,56,110,44526,7,1,0.175,0.004,0.004,0.258,9,0.309,175,33,41,1057139,388517,258,0.061,1,45
0.192,Union,<10,TCAT Knoxville,Editors,Nurse Anesthetists,<10,Tennessee Technological University,Purchasing Managers,<10,-,-,<10,whitney.mclaughlin@tn.gov,Whitney McLaughlin,17,12,Pellissippi State Community College,Physicists,<10,Lincoln Memorial University,Sales Managers,15,Walters State Community College,Erika Adams,Erika.Adams@tn.gov,Walters State Community College,428,109,424,79,446,86,405,93,446,87,16.2,0.707,0.858,10381,0.094,0.545,0.346,0.616,73,825,0.956,0.807,43,97,92,45143,438,1,0.188,0.004,0.002,0.157,10,0.248,202,64,16,792876,233884,148,0.067,1,23
0.169,Van Buren,,,Electrical Engineers,Marketing Managers,<10,"Out-of-State Public Institution, TCAT Crossville, UT Chattanooga, UT Martin, Walters State Community College",Nurse Practitioners,-,-,<10,<10,dwight.fox@tn.gov,Dwight Fox,1,<10,"Middle Tennessee State University, Motlow State Community College",Software Developers and Software Quality Assurance Analysts and Testers,<10,"UT Knoxville, Volunteer State Community College",Lawyers,<10,"TCAT McMinnville, Tennessee Technological University",Dustin Rawls,Dustin.Rawls@tn.gov,Motlow State Community College,170,34,169,35,179,26,176,29,165,39,17.4,0.783,0.966,2953,0.068,0.607,0.536,0.818,22,228,0.962,0.833,14,30,28,47576,1,1,0.151,-0.003,-0.031,0.174,3,,53,16,,292913,85360,57,0.05,1,20
0.221,Warren,<10,Middle Tennessee State University,Electrical Engineers,Marketing Managers,12,UT Knoxville,Nurse Practitioners,-,-,<10,42,dwight.fox@tn.gov,Dwight Fox,1,36,Tennessee Technological University,Software Developers and Software Quality Assurance Analysts and Testers,32,TCAT McMinnville,Lawyers,71,Motlow State Community College,Eric Farmer,Eric.Farmer@tn.gov,Motlow State Community College,1688,314,1658,261,1669,304,1610,307,1518,278,18.1,0.69,0.907,20963,0.148,0.559,0.526,0.706,160,2124,0.793,0.843,121,157,289,42668,1,6,0.202,0.005,0.014,0.183,23,0.325,456,103,93,2522428,684252,483,0.038,1,156
0.426,Washington,14,Tennessee Technological University,"Electronics Engineers, Except Computer",Veterinarians,21,Milligan University,"Engineers, All Other",<10,<10,13,282,whitney.mclaughlin@tn.gov,Whitney McLaughlin,17.5,174,Northeast State Community College,Mechanical Engineers,54,UT Knoxville,Civil Engineers,173,East Tennessee State University,Erika Adams,Erika.Adams@tn.gov,"East Tennessee State University, Northeast State Community College",5171,1032,5128,990,5128,1001,4751,1007,4503,951,20.8,0.687,0.917,65506,0.352,0.713,0.539,0.715,417,7431,0.756,0.917,377,531,1008,48923,442,6,0.152,0.016,0.061,0.208,56,0.267,971,332,184,8462147,2332264,1490,0.048,2,134
0.179,Wayne,<10,"Jackson State Community College, TCAT Crump",Marketing Managers,Family Medicine Physicians,<10,Freed-Hardeman University,"Engineers, All Other",-,-,<10,<10,dwight.fox@tn.gov,Dwight Fox,8,<10,Out-of-State Public Institution,Architectural and Engineering Managers,<10,UT Martin,Nurse Practitioners,20,Columbia State Community College,Lori Mitchum,Lori.Mitchum@tn.gov,Columbia State Community College,558,99,545,88,573,74,532,84,635,100,17.5,0.784,0.969,9355,0.111,0.695,0.497,0.45,100,689,0.922,0.852,40,187,72,42206,107,3,0.161,-0.006,-0.038,0.224,8,0.304,148,24,36,726798,182868,141,0.06,1,72
0.282,Weakley,<10,"TCAT McKenzie, UT Knoxville","Electronics Engineers, Except Computer",Veterinarians,<10,UT Chattanooga,"Engineers, All Other",-,<10,<10,47,toni.reeves@tn.gov,Toni Reeves,3.5,10,Bethel University,Mechanical Engineers,<10,Jackson State Community College,Civil Engineers,11,UT Martin,Lori Mitchum,Lori.Mitchum@tn.gov,"Jackson State Community College; University of Tennessee, Martin",1369,232,1290,216,1238,224,1124,216,1009,191,20.2,0.832,0.931,15436,0.218,0.692,0.573,0.724,105,1714,0.722,0.911,122,196,232,41488,75,4,0.199,-0.003,-0.004,0.188,12,0.074,203,62,74,2051899,747003,434,0.047,2,67
0.219,White,<10,Middle Tennessee State University,Electrical Engineers,Marketing Managers,<10,TCAT Livingston,Nurse Practitioners,-,-,<10,18,dwight.fox@tn.gov,Dwight Fox,1,25,Volunteer State Community College,Software Developers and Software Quality Assurance Analysts and Testers,13,Motlow State Community College,Lawyers,68,Tennessee Technological University,Dustin Rawls,Dustin.Rawls@tn.gov,Motlow State Community College,1076,143,1105,185,1149,163,1125,193,996,161,18.8,0.786,0.925,13731,0.137,0.595,0.405,0.534,163,1258,0.771,0.833,58,248,160,44282,1,8,0.148,0.016,0.067,0.204,13,0.23,252,77,28,1371283,372680,287,0.049,1,73
0.699,Williamson,94,Out-of-State Public Institution,Computer Programmers,Veterinarians,153,UT Chattanooga,Electrical Engineers,<10,<10,<10,799,dwight.fox@tn.gov,Dwight Fox,56.5,395,Columbia State Community College,Physician Assistants,169,Middle Tennessee State University,Training and Development Managers,183,UT Knoxville,Jonathan Donald,Jonathan.Donald@tn.gov,Columbia State Community College,8883,1452,9446,1481,9668,1493,9912,1634,9473,1683,24.9,0.726,0.962,121222,0.637,0.839,0.812,0.496,817,14737,0.843,0.957,319,887,3348,111196,1402,20,0.047,0.051,0.239,0.142,153,0.175,2867,361,450,20512345,2273599,1275,0.025,1,90
0.458,Wilson,72,UT Knoxville,Computer Programmers,Veterinarians,78,Tennessee Technological University,Electrical Engineers,<10,<10,<10,328,dwight.fox@tn.gov,Dwight Fox,27,129,Volunteer State Community College,Physician Assistants,101,Middle Tennessee State University,Training and Development Managers,99,Cumberland University,Dustin Rawls,Dustin.Rawls@tn.gov,Volunteer State Community College,4163,757,4186,671,4182,734,4172,785,4130,730,20.6,0.744,0.963,74738,0.378,0.672,0.625,0.565,230,8184,0.734,0.932,321,712,1624,78962,391,13,0.083,0.043,0.195,0.212,77,0.139,1697,366,204,11406282,2567055,1221,0.035,1,173
0.38,Tennessee,,,,,,,,,,,,,,25,,,,,,,,,,,,,,,,,,,,,,19.2,0.663,0.887,3542283,0.298,,0.528,,,,0.779,0.899,,,,54833,1733,700,0.146,0.017,0.072,0.21,,,,,,,,,0.053,30,
