district_number,district_name,subgroup,valid_tests,participation_rate,average_english_score,average_math_score,average_reading_score,average_science_score,average_composite_score,number_scoring_21_or_higher,percent_scoring_21_or_higher,number_scoring_below_19,percent_scoring_below_19
10,Anderson County,All Students,527,100,19,18.7,19.90,19.60,19.5,198,37.6,254,48.2
10,Anderson County,Black/Hispanic/Native American,17,100,18,17.8,17.5,18.3,17.9,5,29.4,10,58.8
10,Anderson County,Economically Disadvantaged,189,99,17.10,17.2,18.6,18.10,17.9,43,22.8,118,62.4
10,Anderson County,English Learners,3,*,*,*,*,*,*,*,*,*,*
10,Anderson County,Students with Disabilities,76,100,12.5,15.5,14.5,15.1,14.6,2,2.6,71,93.4
12,Oak Ridge,All Students,272,97,23,22.2,24.2,23.2,23.3,175,64.3,65,23.9
12,Oak Ridge,Black/Hispanic/Native American,72,99,19.7,18.7,21.1,20,20.1,29,40.299999999999997,31,43.1
12,Oak Ridge,Economically Disadvantaged,64,96,20.7,19.4,22.4,21.1,21,33,51.6,21,32.799999999999997
12,Oak Ridge,English Learners,7,*,*,*,*,*,*,*,*,*,*
12,Oak Ridge,Students with Disabilities,24,75,16.9,17.8,18.7,19.4,18.4,6,25,14,58.3
20,Bedford County,All Students,557,97,18.2,18.4,19.3,19.2,18.9,184,33,306,54.9
20,Bedford County,Black/Hispanic/Native American,180,96,15.4,16.9,16.9,17,16.7,23,12.8,141,78.3
20,Bedford County,Economically Disadvantaged,229,97,16,16.8,17.6,17.6,17.2,46,20.100000000000001,157,68.599999999999994
20,Bedford County,English Learners,32,94,11.8,15,14,15.3,14.3,**,**,**,**
20,Bedford County,Students with Disabilities,65,97,12.3,14.7,14.2,15,14.2,1,1.5,62,95.4
30,Benton County,All Students,148,97,17.9,18.5,19.3,19.8,19,42,28.4,79,53.4
30,Benton County,Black/Hispanic/Native American,7,*,*,*,*,*,*,*,*,*,*
30,Benton County,Economically Disadvantaged,73,95,16.3,17.3,17.6,18.6,17.6,11,15.1,52,71.2
30,Benton County,Students with Disabilities,29,97,13.2,15.1,15,16.7,15.1,**,**,**,**
40,Bledsoe County,All Students,108,96,17.7,18,18.5,18.5,18.3,32,29.6,62,57.4
40,Bledsoe County,Black/Hispanic/Native American,8,*,*,*,*,*,*,*,*,*,*
40,Bledsoe County,Economically Disadvantaged,49,100,15.8,17.3,16.1,17.4,16.7,8,16.3,36,73.5
40,Bledsoe County,English Learners,3,*,*,*,*,*,*,*,*,*,*
40,Bledsoe County,Students with Disabilities,24,92,12.6,15.5,14.5,15.9,14.6,1,4.2,22,91.7
50,Blount County,All Students,726,98,19.1,19.1,19.7,19.3,19.4,270,37.200000000000003,356,49
50,Blount County,Black/Hispanic/Native American,48,98,15.6,17.2,16.4,16.6,16.6,7,14.6,36,75
50,Blount County,Economically Disadvantaged,225,98,16.6,17.5,17.6,17.4,17.4,45,20,145,64.400000000000006
50,Blount County,English Learners,10,100,12,14.3,13.3,14.9,13.7,**,**,**,**
50,Blount County,Students with Disabilities,76,92,12.6,15.5,14.5,15,14.5,5,6.6,71,93.4
51,Alcoa,All Students,170,100,21.1,20,21.6,20.9,21.1,91,53.5,56,32.9
51,Alcoa,Black/Hispanic/Native American,73,100,18.9,18.3,19.2,19.4,19.1,28,38.4,33,45.2
51,Alcoa,Economically Disadvantaged,65,100,18.2,18,18.7,18.5,18.6,19,29.2,38,58.5
51,Alcoa,English Learners,2,*,*,*,*,*,*,*,*,*,*
51,Alcoa,Students with Disabilities,16,100,12.4,14.5,14.3,15.2,14.4,**,**,**,**
52,Maryville,All Students,394,99,23.6,22.8,23.6,23.3,23.5,276,70.099999999999994,80,20.3
52,Maryville,Black/Hispanic/Native American,36,97,17.7,18.7,18.4,19.9,18.9,13,36.1,22,61.1
52,Maryville,Economically Disadvantaged,63,98,20.2,19.6,20.9,20.8,20.5,31,49.2,26,41.3
52,Maryville,English Learners,6,*,*,*,*,*,*,*,*,*,*
52,Maryville,Students with Disabilities,48,100,16.8,17.7,18,19.4,18.2,12,25,27,56.3
60,Bradley County,All Students,772,100,20,19.5,20.8,20,20.2,360,46.6,321,41.6
60,Bradley County,Black/Hispanic/Native American,64,98,18.1,18.6,19.4,18.9,18.9,22,34.4,33,51.6
60,Bradley County,Economically Disadvantaged,246,99,17.9,17.8,18.9,18.4,18.4,72,29.3,143,58.1
60,Bradley County,English Learners,5,*,*,*,*,*,*,*,*,*,*
60,Bradley County,Students with Disabilities,66,99,14.7,16,15.7,16.2,15.8,8,12.1,52,78.8
61,Cleveland,All Students,356,96,19.8,19.6,21.3,20.6,20.5,161,45.2,154,43.3
61,Cleveland,Black/Hispanic/Native American,131,96,17.1,17.5,18.3,18.4,17.9,34,26,80,61.1
61,Cleveland,Economically Disadvantaged,148,96,16.7,17.4,18.5,18.3,17.9,36,24.3,91,61.5
61,Cleveland,English Learners,20,100,13.1,15.8,14.9,16.2,15.1,1,5,17,85
61,Cleveland,Students with Disabilities,39,89,12.7,14.9,14.9,14.9,14.5,1,2.6,36,92.3
70,Campbell County,All Students,370,100,17.6,17.4,19,17.8,18.1,102,27.6,210,56.8
70,Campbell County,Black/Hispanic/Native American,3,*,*,*,*,*,*,*,*,*,*
70,Campbell County,Economically Disadvantaged,188,99,16.5,16.7,18,16.8,17.2,38,20.2,125,66.5
70,Campbell County,Students with Disabilities,44,98,13.1,14.3,13.8,14.1,14,2,4.5,40,90.9
80,Cannon County,All Students,125,95,17.5,18.1,19,19.3,18.7,39,31.2,65,52
80,Cannon County,Black/Hispanic/Native American,7,*,*,*,*,*,*,*,*,*,*
80,Cannon County,Economically Disadvantaged,39,93,16.6,17.7,18.5,18.7,18,11,28.2,24,61.5
80,Cannon County,Students with Disabilities,16,94,11.8,14.6,14.3,16.3,14.5,**,**,**,**
92,Hollow Rock - Bruceton,All Students,42,98,18.5,18.4,18.7,19,18.8,13,31,22,52.4
92,Hollow Rock - Bruceton,Black/Hispanic/Native American,5,*,*,*,*,*,*,*,*,*,*
92,Hollow Rock - Bruceton,Economically Disadvantaged,18,95,18.4,18.8,17.9,18.9,18.8,6,33.299999999999997,8,44.4
92,Hollow Rock - Bruceton,Students with Disabilities,3,*,*,*,*,*,*,*,*,*,*
93,Huntingdon Special School District,All Students,78,100,20.5,20.1,21,20.8,20.7,38,48.7,29,37.200000000000003
93,Huntingdon Special School District,Black/Hispanic/Native American,13,100,14.7,16.6,15.9,17.5,16.4,1,7.7,11,84.6
93,Huntingdon Special School District,Economically Disadvantaged,34,100,18.7,18.9,19.6,19.4,19.3,14,41.2,17,50
93,Huntingdon Special School District,Students with Disabilities,7,*,*,*,*,*,*,*,*,*,*
94,McKenzie,All Students,109,100,20.3,19.5,21,20.6,20.5,52,47.7,44,40.4
94,McKenzie,Black/Hispanic/Native American,23,100,16.2,16.4,17.9,18.3,17.4,4,17.399999999999999,17,73.900000000000006
94,McKenzie,Economically Disadvantaged,42,100,17.1,17.3,18.2,18,17.8,8,19,28,66.7
94,McKenzie,Students with Disabilities,13,100,12.7,15.1,15.1,15.5,14.7,**,**,**,**
95,South Carroll,All Students,17,100,20.6,19.3,19.8,21.4,20.4,8,47.1,6,35.299999999999997
95,South Carroll,Black/Hispanic/Native American,1,*,*,*,*,*,*,*,*,*,*
95,South Carroll,Economically Disadvantaged,4,*,*,*,*,*,*,*,*,*,*
95,South Carroll,Students with Disabilities,2,*,*,*,*,*,*,*,*,*,*
97,West Carroll Sp Dist,All Students,65,100,20.1,18.3,19.6,19.2,19.5,24,36.9,30,46.2
97,West Carroll Sp Dist,Black/Hispanic/Native American,6,*,*,*,*,*,*,*,*,*,*
97,West Carroll Sp Dist,Economically Disadvantaged,27,100,17.4,16.6,17.7,18.3,17.7,6,22.2,19,70.400000000000006
97,West Carroll Sp Dist,Students with Disabilities,9,*,*,*,*,*,*,*,*,*,*
100,Carter County,All Students,322,99,17.6,17.8,18.8,18.5,18.4,99,30.7,174,54
100,Carter County,Black/Hispanic/Native American,7,*,*,*,*,*,*,*,*,*,*
100,Carter County,Economically Disadvantaged,150,98,15.6,16.7,17.3,17.2,16.9,30,20,104,69.3
100,Carter County,Students with Disabilities,46,96,13.5,15.6,14.7,16.1,15.1,4,8.6999999999999993,41,89.1
101,Elizabethton,All Students,175,99,20.7,19.9,21.8,20,20.8,88,50.3,62,35.4
101,Elizabethton,Black/Hispanic/Native American,15,100,20.4,18.3,21.2,18.5,19.7,6,40,8,53.3
101,Elizabethton,Economically Disadvantaged,58,98,18.7,17.9,20,18.5,18.9,19,32.799999999999997,30,51.7
101,Elizabethton,Students with Disabilities,14,100,13.4,14.6,15.1,15,14.6,**,**,**,**
110,Cheatham County,All Students,397,97,18.9,18.9,20.2,19.7,19.6,153,38.5,184,46.3
110,Cheatham County,Black/Hispanic/Native American,30,97,15.8,16.6,16.7,17.2,16.7,6,20,22,73.3
110,Cheatham County,Economically Disadvantaged,117,94,17.5,17.8,19.1,18.7,18.4,37,31.6,64,54.7
110,Cheatham County,English Learners,4,*,*,*,*,*,*,*,*,*,*
110,Cheatham County,Students with Disabilities,44,96,13.8,16.5,15.9,16.6,15.9,5,11.4,37,84.1
120,Chester County,All Students,199,95,20.1,19.7,20.3,20.1,20.2,76,38.200000000000003,79,39.700000000000003
120,Chester County,Black/Hispanic/Native American,29,100,17.8,18,16.7,18,17.9,8,27.6,17,58.6
120,Chester County,Economically Disadvantaged,64,90,17.2,17.9,17.6,18,17.9,16,25,37,57.8
120,Chester County,Students with Disabilities,17,94,13.9,15.9,14.8,14.6,15.1,**,**,**,**
130,Claiborne County,All Students,250,94,18.1,18.5,19.1,19,18.8,75,30,134,53.6
130,Claiborne County,Black/Hispanic/Native American,5,*,*,*,*,*,*,*,*,*,*
130,Claiborne County,Economically Disadvantaged,107,94,16,17.4,17.6,17.7,17.3,22,20.6,71,66.400000000000006
130,Claiborne County,Students with Disabilities,22,92,12.6,15,13,15.7,14.2,**,**,**,**
140,Clay County,All Students,77,89,19,18.5,18.5,19.3,18.9,25,32.5,40,51.9
140,Clay County,Black/Hispanic/Native American,2,*,*,*,*,*,*,*,*,*,*
140,Clay County,Economically Disadvantaged,36,80,17.6,18,17.5,18.9,18.1,9,25,24,66.7
140,Clay County,Students with Disabilities,7,*,*,*,*,*,*,*,*,*,*
150,Cocke County,All Students,351,99,17.5,18.1,19.1,18.6,18.5,105,29.9,198,56.4
150,Cocke County,Black/Hispanic/Native American,16,100,15.3,17,18.1,18.1,17.4,4,25,11,68.8
150,Cocke County,Economically Disadvantaged,191,99,15.9,16.9,17.6,17.3,17.1,36,18.8,133,69.599999999999994
150,Cocke County,English Learners,2,*,*,*,*,*,*,*,*,*,*
150,Cocke County,Students with Disabilities,45,96,12,14.2,14.3,15,14.1,**,**,**,**
160,Coffee County,All Students,383,98,18.9,18.8,20,19.5,19.4,143,37.299999999999997,185,48.3
160,Coffee County,Black/Hispanic/Native American,44,96,16.9,18.1,18.8,18.1,18.1,9,20.5,27,61.4
160,Coffee County,Economically Disadvantaged,149,97,16.4,17.4,18,17.7,17.5,28,18.8,102,68.5
160,Coffee County,English Learners,8,*,*,*,*,*,*,*,*,*,*
160,Coffee County,Students with Disabilities,37,93,13,15.4,14.7,16.2,15.1,2,5.4,33,89.2
162,Tullahoma,All Students,224,98,19.8,20.1,20.5,20.4,20.4,97,43.3,97,43.3
162,Tullahoma,Black/Hispanic/Native American,39,95,16.6,18,18.1,18.3,17.9,11,28.2,25,64.099999999999994
162,Tullahoma,Economically Disadvantaged,58,95,16,17.4,17.6,17.8,17.4,11,19,42,72.400000000000006
162,Tullahoma,English Learners,5,*,*,*,*,*,*,*,*,*,*
162,Tullahoma,Students with Disabilities,13,100,11.7,15.1,14.4,14.8,14.2,**,**,**,**
170,Crockett County,All Students,211,100,18.1,18.2,19.7,18.5,18.8,69,32.700000000000003,115,54.5
170,Crockett County,Black/Hispanic/Native American,71,99,15.5,16.8,17.3,16.4,16.6,11,15.5,55,77.5
170,Crockett County,Economically Disadvantaged,102,100,16.7,17.3,18.4,17.4,17.6,27,26.5,65,63.7
170,Crockett County,English Learners,8,*,*,*,*,*,*,*,*,*,*
170,Crockett County,Students with Disabilities,22,100,11.9,14.8,13.7,15,14.1,1,4.5,21,95.5
180,Cumberland County,All Students,461,100,19.8,19.6,20.8,20.1,20.2,197,42.7,194,42.1
180,Cumberland County,Black/Hispanic/Native American,32,100,15.8,17.6,17.9,17.8,17.3,3,9.4,21,65.599999999999994
180,Cumberland County,Economically Disadvantaged,156,100,17.7,18.2,18.7,18.4,18.4,42,26.9,93,59.6
180,Cumberland County,English Learners,7,*,*,*,*,*,*,*,*,*,*
180,Cumberland County,Students with Disabilities,53,100,14.4,16.1,15.7,15.8,15.7,4,7.5,44,83
190,Davidson County,All Students,4570,99,17.9,18.1,19,18.5,18.5,1384,30.3,2688,58.8
190,Davidson County,Black/Hispanic/Native American,3120,99,16.4,17.1,17.6,17.3,17.3,636,20.399999999999999,2131,68.3
190,Davidson County,Economically Disadvantaged,2566,99,15.8,16.8,17.1,17,16.8,455,17.7,1859,72.400000000000006
190,Davidson County,English Learners,511,98,12.5,15.5,14.2,15.1,14.5,20,3.9,471,92.2
190,Davidson County,Students with Disabilities,445,98,13.7,15.5,15.6,15.8,15.3,41,9.1999999999999993,385,86.5
200,Decatur County,All Students,110,100,19.3,18.2,20.7,19.8,19.6,44,40,44,40
200,Decatur County,Black/Hispanic/Native American,10,100,16.5,15.6,17.7,15.7,16.4,1,10,8,80
200,Decatur County,Economically Disadvantaged,46,100,18.4,17.8,19.6,19,18.8,15,32.6,21,45.7
200,Decatur County,Students with Disabilities,20,100,12.9,15.4,14.1,15.9,14.7,1,5,18,90
210,DeKalb County,All Students,184,99,18.3,18,19.3,19.3,18.9,62,33.700000000000003,96,52.2
210,DeKalb County,Black/Hispanic/Native American,28,97,14.3,15.6,16,15.8,15.5,3,10.7,24,85.7
210,DeKalb County,Economically Disadvantaged,71,97,16.5,16.7,17.7,18.2,17.3,14,19.7,49,69
210,DeKalb County,English Learners,8,*,*,*,*,*,*,*,*,*,*
210,DeKalb County,Students with Disabilities,14,100,13.6,15,14.1,15.9,14.8,1,7.1,13,92.9
220,Dickson County,All Students,560,99,19.5,18.8,20.2,20.1,19.8,224,40,249,44.5
220,Dickson County,Black/Hispanic/Native American,74,99,17.7,18,18.4,18.6,18.3,16,21.6,46,62.2
220,Dickson County,Economically Disadvantaged,161,98,17.7,17.7,18.3,18.6,18.2,40,24.8,95,59
220,Dickson County,English Learners,7,*,*,*,*,*,*,*,*,*,*
220,Dickson County,Students with Disabilities,48,100,13.3,15.3,14.6,15,14.7,2,4.2,45,93.8
230,Dyer County,All Students,264,99,20.9,19.9,21,20.4,20.7,119,45.1,99,37.5
230,Dyer County,Black/Hispanic/Native American,32,97,18.9,18.6,19,19.3,19.2,8,25,18,56.3
230,Dyer County,Economically Disadvantaged,110,99,19,18.7,19.2,19.2,19.2,37,33.6,55,50
230,Dyer County,English Learners,1,*,*,*,*,*,*,*,*,*,*
230,Dyer County,Students with Disabilities,24,100,14,15.8,15.5,15.2,15.3,1,4.2,23,95.8
231,Dyersburg,All Students,169,99,20.6,20.6,20.7,20.5,20.8,79,46.7,73,43.2
231,Dyersburg,Black/Hispanic/Native American,73,99,17.1,18,16.9,17.9,17.7,13,17.8,50,68.5
231,Dyersburg,Economically Disadvantaged,76,99,16.8,17.9,16.9,17.6,17.5,14,18.399999999999999,55,72.400000000000006
231,Dyersburg,English Learners,5,*,*,*,*,*,*,*,*,*,*
231,Dyersburg,Students with Disabilities,25,96,11.9,15,13,15.5,14,**,**,**,**
240,Fayette County Public Schools,All Students,184,95,16.4,16.6,17.8,17.5,17.2,34,18.5,133,72.3
240,Fayette County Public Schools,Black/Hispanic/Native American,137,94,15.4,16.2,16.7,16.8,16.4,17,12.4,110,80.3
240,Fayette County Public Schools,Economically Disadvantaged,104,94,15.2,16,16,16.3,16.1,10,9.6,85,81.7
240,Fayette County Public Schools,English Learners,2,*,*,*,*,*,*,*,*,*,*
240,Fayette County Public Schools,Students with Disabilities,26,96,12.2,14.9,13.8,14.8,14.2,**,**,**,**
250,Fentress County,All Students,70,99,19.5,19.3,19.8,20.5,20,32,45.7,24,34.299999999999997
250,Fentress County,Black/Hispanic/Native American,1,*,*,*,*,*,*,*,*,*,*
250,Fentress County,Economically Disadvantaged,42,98,18.9,18.4,18.8,18.9,18.9,14,33.299999999999997,20,47.6
250,Fentress County,Students with Disabilities,6,*,*,*,*,*,*,*,*,*,*
260,Franklin County,All Students,327,97,19.1,18.5,20.1,19.4,19.5,120,36.700000000000003,162,49.5
260,Franklin County,Black/Hispanic/Native American,52,100,16.8,17.6,17.9,17.6,17.6,12,23.1,35,67.3
260,Franklin County,Economically Disadvantaged,99,97,17.1,17.2,18.8,17.4,17.8,23,23.2,62,62.6
260,Franklin County,English Learners,1,*,*,*,*,*,*,*,*,*,*
260,Franklin County,Students with Disabilities,37,100,13.4,15.3,14.4,15.4,14.8,2,5.4,34,91.9
271,Humboldt City Schools,All Students,44,98,16.7,17.1,17.7,17.3,17.4,8,18.2,29,65.900000000000006
271,Humboldt City Schools,Black/Hispanic/Native American,39,98,16.3,16.9,17.1,16.7,17,5,12.8,27,69.2
271,Humboldt City Schools,Economically Disadvantaged,24,96,15.5,16.5,16.6,16.1,16.4,2,8.3000000000000007,19,79.2
271,Humboldt City Schools,Students with Disabilities,9,*,*,*,*,*,*,*,*,*,*
272,Milan,All Students,141,99,19.4,19.9,20.4,20.3,20.2,61,43.3,56,39.700000000000003
272,Milan,Black/Hispanic/Native American,43,96,15.9,17.9,18.2,17.8,17.7,11,25.6,28,65.099999999999994
272,Milan,Economically Disadvantaged,61,98,16.7,17.7,18.3,18.3,17.9,15,24.6,37,60.7
272,Milan,Students with Disabilities,22,96,12.4,15.1,15.2,15.6,14.8,**,**,**,**
273,Trenton,All Students,102,97,19.5,17.5,19.3,18.1,18.8,33,32.4,54,52.9
273,Trenton,Black/Hispanic/Native American,40,100,16.8,16.9,16.5,16.3,16.8,6,15,28,70
273,Trenton,Economically Disadvantaged,52,96,17.2,16.4,16.9,16.4,16.9,9,17.3,35,67.3
273,Trenton,English Learners,1,*,*,*,*,*,*,*,*,*,*
273,Trenton,Students with Disabilities,16,100,15,15.9,16.3,16.4,16.1,1,6.3,12,75
274,Bradford,All Students,37,97,21.1,22.2,22.4,20.6,21.8,23,62.2,11,29.7
274,Bradford,Black/Hispanic/Native American,3,*,*,*,*,*,*,*,*,*,*
274,Bradford,Economically Disadvantaged,11,100,18.3,21,20.8,19.9,20,5,45.5,4,36.4
274,Bradford,Students with Disabilities,3,*,*,*,*,*,*,*,*,*,*
275,Gibson Co Sp Dist,All Students,268,100,21.2,20.6,21.6,21,21.2,144,53.7,84,31.3
275,Gibson Co Sp Dist,Black/Hispanic/Native American,30,100,18.8,18.7,19.2,19.4,19.2,11,36.700000000000003,16,53.3
275,Gibson Co Sp Dist,Economically Disadvantaged,55,100,19.6,19.2,20.3,20.2,19.9,22,40,21,38.200000000000003
275,Gibson Co Sp Dist,English Learners,1,*,*,*,*,*,*,*,*,*,*
275,Gibson Co Sp Dist,Students with Disabilities,25,100,14.1,15.7,16.9,16.3,16,2,8,19,76
280,Giles County,All Students,251,97,18.7,18.5,19.4,18.8,19,83,33.1,126,50.2
280,Giles County,Black/Hispanic/Native American,46,94,15.8,17,16.5,17.1,16.7,5,10.9,35,76.099999999999994
280,Giles County,Economically Disadvantaged,108,96,16.5,17.2,17.5,17.4,17.4,16,14.8,74,68.5
280,Giles County,English Learners,3,*,*,*,*,*,*,*,*,*,*
280,Giles County,Students with Disabilities,24,96,11.6,15.3,14.3,14.7,14.2,**,**,**,**
290,Grainger County,All Students,254,96,17.1,17.5,18.5,18.1,18,66,26,152,59.8
290,Grainger County,Black/Hispanic/Native American,14,100,13.5,16.2,15.6,16.7,15.6,**,**,**,**
290,Grainger County,Economically Disadvantaged,87,92,15.2,16.4,16.6,16.3,16.3,10,11.5,66,75.900000000000006
290,Grainger County,English Learners,6,*,*,*,*,*,*,*,*,*,*
290,Grainger County,Students with Disabilities,21,95,11.4,15.1,14.5,14.6,14,1,4.8,20,95.2
300,Greene County,All Students,486,100,18.7,18.2,19.3,19,18.9,154,31.7,248,51
300,Greene County,Black/Hispanic/Native American,25,100,17.7,17.2,19,18.4,18.3,5,20,15,60
300,Greene County,Economically Disadvantaged,189,99,17.2,17,18,18,17.7,39,20.6,115,60.8
300,Greene County,English Learners,4,*,*,*,*,*,*,*,*,*,*
300,Greene County,Students with Disabilities,66,100,14.7,15.3,15.3,16.1,15.5,4,6.1,57,86.4
301,Greeneville,All Students,224,100,21,21.8,22.6,21.5,21.9,137,61.2,61,27.2
301,Greeneville,Black/Hispanic/Native American,30,100,18.4,19.3,20.1,19.4,19.5,14,46.7,12,40
301,Greeneville,Economically Disadvantaged,63,100,19,20,20.4,19.4,19.8,27,42.9,27,42.9
301,Greeneville,English Learners,5,*,*,*,*,*,*,*,*,*,*
301,Greeneville,Students with Disabilities,33,100,15.4,17,16.8,16.5,16.7,6,18.2,24,72.7
310,Grundy County,All Students,153,99,16,16.5,17.3,17.6,16.9,25,16.3,110,71.900000000000006
310,Grundy County,Black/Hispanic/Native American,2,*,*,*,*,*,*,*,*,*,*
310,Grundy County,Economically Disadvantaged,62,100,16.1,16.6,17.7,18,17.2,13,21,42,67.7
310,Grundy County,Students with Disabilities,29,97,12.5,14.9,15.3,15.7,14.6,**,**,**,**
320,Hamblen County,All Students,725,98,19.4,20,20.4,19.7,20.1,322,44.4,308,42.5
320,Hamblen County,Black/Hispanic/Native American,194,97,17.2,18.7,18.5,18.2,18.3,57,29.4,112,57.7
320,Hamblen County,Economically Disadvantaged,265,98,16.8,18.2,18,17.9,17.9,68,25.7,158,59.6
320,Hamblen County,English Learners,34,97,11.9,15.6,13.2,14.6,13.9,**,**,**,**
320,Hamblen County,Students with Disabilities,80,91,12.8,15.8,14.5,14.7,14.6,6,7.5,74,92.5
330,Hamilton County,All Students,2716,99,18.8,19.1,20.2,19.6,19.6,1034,38.1,1312,48.3
330,Hamilton County,Black/Hispanic/Native American,1110,98,15.5,17,17.2,17.1,16.9,178,16,791,71.3
330,Hamilton County,Economically Disadvantaged,1010,98,15.9,17.2,17.6,17.4,17.2,183,18.100000000000001,688,68.099999999999994
330,Hamilton County,English Learners,107,99,12.9,15.8,14.2,15.4,14.7,8,7.5,94,87.9
330,Hamilton County,Students with Disabilities,265,99,14.4,16,16.4,16.2,15.9,33,12.5,219,82.6
340,Hancock County,All Students,74,100,17.6,16.8,18.2,17.4,17.7,17,23,46,62.2
340,Hancock County,Economically Disadvantaged,42,100,17.3,16.7,17.8,17.4,17.5,9,21.4,26,61.9
340,Hancock County,Students with Disabilities,17,100,13.3,14.4,14.3,13.6,14.1,1,5.9,16,94.1
350,Hardeman County Schools,All Students,228,97,17.1,17.7,17.8,17.8,17.8,51,22.4,141,61.8
350,Hardeman County Schools,Black/Hispanic/Native American,126,97,15.2,16.5,16.1,16.2,16.2,12,9.5,98,77.8
350,Hardeman County Schools,Economically Disadvantaged,115,96,15.7,16.9,16.7,16.9,16.7,16,13.9,83,72.2
350,Hardeman County Schools,English Learners,2,*,*,*,*,*,*,*,*,*,*
350,Hardeman County Schools,Students with Disabilities,21,100,13.2,15.7,14.5,14.9,14.7,1,4.8,20,95.2
360,Hardin County,All Students,251,98,18.4,18.4,19.5,19.2,19,92,36.700000000000003,130,51.8
360,Hardin County,Black/Hispanic/Native American,25,100,16.6,17.1,16.9,17.6,17.2,5,20,18,72
360,Hardin County,Economically Disadvantaged,111,98,16.9,17.4,18.3,18,17.8,27,24.3,71,64
360,Hardin County,English Learners,2,*,*,*,*,*,*,*,*,*,*
360,Hardin County,Students with Disabilities,37,90,12,14.9,14.5,15.4,14.4,**,**,**,**
370,Hawkins County,All Students,468,96,18.6,18.6,19.3,18.8,19,162,34.6,245,52.4
370,Hawkins County,Black/Hispanic/Native American,23,96,17.3,17.7,18,17.7,17.8,5,21.7,15,65.2
370,Hawkins County,Economically Disadvantaged,203,93,16.7,17.4,18,17.1,17.4,44,21.7,136,67
370,Hawkins County,English Learners,1,*,*,*,*,*,*,*,*,*,*
370,Hawkins County,Students with Disabilities,54,90,12.6,15.1,14.4,15.3,14.5,1,1.9,53,98.1
380,Haywood County,All Students,239,98,16.5,16.7,17.5,17.3,17.2,46,19.2,165,69
380,Haywood County,Black/Hispanic/Native American,183,98,15.6,16.2,16.9,16.6,16.5,23,12.6,138,75.400000000000006
380,Haywood County,Economically Disadvantaged,139,99,14.9,16,16.3,16.1,16,15,10.8,109,78.400000000000006
380,Haywood County,English Learners,3,*,*,*,*,*,*,*,*,*,*
380,Haywood County,Students with Disabilities,25,100,13.3,14.9,15,15.1,14.8,1,4,22,88
390,Henderson County,All Students,287,95,19.9,20.8,21.1,20.6,20.8,136,47.4,104,36.200000000000003
390,Henderson County,Black/Hispanic/Native American,42,95,17.1,18.7,19,18.2,18.4,9,21.4,23,54.8
390,Henderson County,Economically Disadvantaged,119,92,17.6,19.1,19.3,19.1,18.9,36,30.3,62,52.1
390,Henderson County,English Learners,0,0,,,,,,0,,0,
390,Henderson County,Students with Disabilities,37,86,13.8,16.6,16.2,16,15.8,5,13.5,32,86.5
400,Henry County,All Students,289,100,20.1,19.9,21.5,20.6,20.7,140,48.4,108,37.4
400,Henry County,Black/Hispanic/Native American,39,100,16.4,17.6,17.9,17.9,17.7,11,28.2,22,56.4
400,Henry County,Economically Disadvantaged,103,100,18.7,18.8,20.4,19.3,19.5,38,36.9,46,44.7
400,Henry County,English Learners,1,*,*,*,*,*,*,*,*,*,*
400,Henry County,Students with Disabilities,29,100,14.2,16.3,17.3,16.9,16.2,4,13.8,23,79.3
410,Hickman County,All Students,233,99,18.3,18.2,19.4,19,18.9,79,33.9,122,52.4
410,Hickman County,Black/Hispanic/Native American,18,90,17.8,17.8,19.4,18.8,18.6,6,33.299999999999997,10,55.6
410,Hickman County,Economically Disadvantaged,104,98,17.1,17.8,18.3,18.2,18,27,26,64,61.5
410,Hickman County,English Learners,1,*,*,*,*,*,*,*,*,*,*
410,Hickman County,Students with Disabilities,31,100,13.8,15.6,15.1,15.9,15.4,3,9.6999999999999993,27,87.1
420,Houston County,All Students,108,97,18.6,18.2,18.9,18.1,18.6,33,30.6,55,50.9
420,Houston County,Black/Hispanic/Native American,4,*,*,*,*,*,*,*,*,*,*
420,Houston County,Economically Disadvantaged,36,97,17.6,18.3,17.6,16.5,17.6,11,30.6,20,55.6
420,Houston County,Students with Disabilities,19,90,13.6,15.4,14.9,13.3,14.6,1,5.3,18,94.7
430,Humphreys County,All Students,176,99,20.7,19.2,21.8,20.3,20.6,85,48.3,66,37.5
430,Humphreys County,Black/Hispanic/Native American,17,94,17.9,17.3,19.1,18.2,18.2,5,29.4,9,52.9
430,Humphreys County,Economically Disadvantaged,67,100,19.1,17.9,20.7,19.2,19.4,23,34.299999999999997,34,50.7
430,Humphreys County,Students with Disabilities,27,96,15.7,16,17.6,16.2,16.5,6,22.2,19,70.400000000000006
440,Jackson County,All Students,105,100,18.1,18,19.3,19,18.7,29,27.6,56,53.3
440,Jackson County,Black/Hispanic/Native American,2,*,*,*,*,*,*,*,*,*,*
440,Jackson County,Economically Disadvantaged,56,100,16.4,16.9,17.8,17.9,17.4,11,19.600000000000001,36,64.3
440,Jackson County,Students with Disabilities,16,100,14.1,15.9,16,16.3,15.8,2,12.5,14,87.5
450,Jefferson County,All Students,458,97,19.5,19.9,20.4,20.2,20.1,215,46.9,185,40.4
450,Jefferson County,Black/Hispanic/Native American,53,95,17.1,18.4,17.9,18.5,18.1,18,34,28,52.8
450,Jefferson County,Economically Disadvantaged,206,96,17.4,18.8,18.5,18.8,18.6,67,32.5,109,52.9
450,Jefferson County,English Learners,9,*,*,*,*,*,*,*,*,*,*
450,Jefferson County,Students with Disabilities,46,88,12.5,15.7,14,15,14.5,1,2.2000000000000002,43,93.5
460,Johnson County,All Students,123,95,17.6,17.9,19,18.3,18.4,35,28.5,72,58.5
460,Johnson County,Black/Hispanic/Native American,2,*,*,*,*,*,*,*,*,*,*
460,Johnson County,Economically Disadvantaged,52,91,16.3,16.7,17.1,17,16.9,11,21.2,34,65.400000000000006
460,Johnson County,English Learners,1,*,*,*,*,*,*,*,*,*,*
460,Johnson County,Students with Disabilities,20,83,11.8,14,13.1,13.9,13.3,**,**,**,**
470,Knox County,All Students,3838,97,20.8,20.2,21.8,21,21.1,1931,50.3,1426,37.200000000000003
470,Knox County,Black/Hispanic/Native American,866,95,16.9,17.6,18.5,18.2,18,209,24.1,542,62.6
470,Knox County,Economically Disadvantaged,1002,95,17,17.5,18.4,18,17.9,246,24.6,645,64.400000000000006
470,Knox County,English Learners,114,93,13.5,16.4,15,17.2,15.7,9,7.9,99,86.8
470,Knox County,Students with Disabilities,419,92,14.5,15.8,16.1,16.3,15.8,48,11.5,346,82.6
480,Lake County,All Students,42,98,19,17.5,19.4,18,18.7,14,33.299999999999997,23,54.8
480,Lake County,Black/Hispanic/Native American,18,100,16.3,17.1,16.8,16.8,17,4,22.2,13,72.2
480,Lake County,Economically Disadvantaged,27,96,17.9,17.1,18.5,17.6,18,8,29.6,15,55.6
480,Lake County,Students with Disabilities,6,*,*,*,*,*,*,*,*,*,*
490,Lauderdale County,All Students,270,100,16.9,17.5,18,18,17.8,67,24.8,174,64.400000000000006
490,Lauderdale County,Black/Hispanic/Native American,135,100,14.5,16.2,16.1,16.3,15.9,13,9.6,113,83.7
490,Lauderdale County,Economically Disadvantaged,144,100,14.9,16.5,16.4,16.6,16.2,20,13.9,115,79.900000000000006
490,Lauderdale County,English Learners,4,*,*,*,*,*,*,*,*,*,*
490,Lauderdale County,Students with Disabilities,33,100,11.7,14.6,13.8,14.4,13.8,**,**,**,**
500,Lawrence County,All Students,524,97,19,18.5,19.6,19.6,19.3,183,34.9,248,47.3
500,Lawrence County,Black/Hispanic/Native American,29,97,16,17.1,17.3,17.7,17.2,7,24.1,21,72.400000000000006
500,Lawrence County,Economically Disadvantaged,214,96,17.5,17.4,18.1,18.3,18,46,21.5,129,60.3
500,Lawrence County,English Learners,3,*,*,*,*,*,*,*,*,*,*
500,Lawrence County,Students with Disabilities,60,91,12.6,15,15,14.9,14.5,**,**,**,**
510,Lewis County,All Students,106,97,18.7,17.7,20.1,19.3,19.1,36,34,51,48.1
510,Lewis County,Black/Hispanic/Native American,8,*,*,*,*,*,*,*,*,*,*
510,Lewis County,Economically Disadvantaged,43,96,17.9,17.3,19.2,18.8,18.5,12,27.9,22,51.2
510,Lewis County,Students with Disabilities,10,83,12.2,14.4,13.5,15.3,14.1,**,**,**,**
520,Lincoln County,All Students,249,99,20.3,19.3,20.3,19.7,20.1,113,45.4,104,41.8
520,Lincoln County,Black/Hispanic/Native American,24,96,16.5,17.8,17.5,17.3,17.4,7,29.2,17,70.8
520,Lincoln County,Economically Disadvantaged,78,99,17.8,17.6,17.6,17.8,17.8,21,26.9,47,60.3
520,Lincoln County,English Learners,6,*,*,*,*,*,*,*,*,*,*
520,Lincoln County,Students with Disabilities,25,96,13.3,15.3,14.6,15.3,14.8,**,**,**,**
521,Fayetteville,All Students,76,100,20.2,19.2,21.4,20.8,20.6,34,44.7,32,42.1
521,Fayetteville,Black/Hispanic/Native American,32,100,17.1,17,17.8,18.5,17.8,8,25,20,62.5
521,Fayetteville,Economically Disadvantaged,27,100,17.3,17.7,19.2,19,18.6,7,25.9,16,59.3
521,Fayetteville,English Learners,2,*,*,*,*,*,*,*,*,*,*
521,Fayetteville,Students with Disabilities,5,*,*,*,*,*,*,*,*,*,*
530,Loudon County,All Students,237,98,19.6,19.3,19.7,19.9,19.8,96,40.5,105,44.3
530,Loudon County,Black/Hispanic/Native American,37,97,16.6,18.1,16.8,17.9,17.6,7,18.899999999999999,25,67.599999999999994
530,Loudon County,Economically Disadvantaged,53,96,18.6,18.2,19.1,19.5,19,17,32.1,28,52.8
530,Loudon County,English Learners,10,100,12.7,16.6,14.1,16.1,15,**,**,**,**
530,Loudon County,Students with Disabilities,29,100,14.6,16.6,15.5,16.8,16,2,6.9,25,86.2
531,Lenoir City,All Students,250,98,19,19.8,20.5,20,20,99,39.6,109,43.6
531,Lenoir City,Black/Hispanic/Native American,47,98,14.6,17.4,16.7,17.1,16.6,5,10.6,34,72.3
531,Lenoir City,Economically Disadvantaged,73,96,16,17.7,18.3,17.7,17.6,13,17.8,44,60.3
531,Lenoir City,English Learners,14,93,11.1,16.2,13.5,15.7,14.3,**,**,**,**
531,Lenoir City,Students with Disabilities,30,100,13.1,15.4,16.6,16.5,15.6,3,10,26,86.7
540,McMinn County,All Students,463,98,19.9,19,20.8,19.8,20,194,41.9,204,44.1
540,McMinn County,Black/Hispanic/Native American,56,97,17.9,17.6,19.2,18,18.3,15,26.8,34,60.7
540,McMinn County,Economically Disadvantaged,186,99,17.2,17.5,18,17.6,17.7,38,20.399999999999999,117,62.9
540,McMinn County,English Learners,5,*,*,*,*,*,*,*,*,*,*
540,McMinn County,Students with Disabilities,42,100,12.7,15.3,14.2,15.1,14.5,1,2.4,39,92.9
550,McNairy County,All Students,298,98,19.2,18.7,19.8,19.2,19.4,116,38.9,143,48
550,McNairy County,Black/Hispanic/Native American,43,100,15.9,17,17.5,16.8,17,8,18.600000000000001,32,74.400000000000006
550,McNairy County,Economically Disadvantaged,141,97,17.3,17.8,18.2,18,18,36,25.5,87,61.7
550,McNairy County,Students with Disabilities,32,100,13.5,14.7,14.2,15.4,14.6,**,**,**,**
560,Macon County,All Students,242,98,19.5,19,19.7,19.3,19.5,95,39.299999999999997,123,50.8
560,Macon County,Black/Hispanic/Native American,19,90,16.2,17.3,17,16.9,16.9,4,21.1,14,73.7
560,Macon County,Economically Disadvantaged,94,98,18.3,18.4,19.2,18.4,18.7,33,35.1,52,55.3
560,Macon County,English Learners,7,*,*,*,*,*,*,*,*,*,*
560,Macon County,Students with Disabilities,23,92,12.6,15.4,13.8,14,14,**,**,**,**
570,Madison County,All Students,767,100,17.3,17.5,18.5,18,18,205,26.7,482,62.8
570,Madison County,Black/Hispanic/Native American,530,100,15.4,16.3,16.7,16.6,16.4,74,14,406,76.599999999999994
570,Madison County,Economically Disadvantaged,383,100,15.2,16.2,16.6,16.3,16.2,51,13.3,295,77
570,Madison County,English Learners,16,100,12.5,14.6,13.1,15.6,14.1,**,**,**,**
570,Madison County,Students with Disabilities,87,100,11.8,14.6,13.9,14.2,13.8,1,1.1000000000000001,83,95.4
580,Marion County,All Students,249,99,19.3,18.9,19.8,19.8,19.7,99,39.799999999999997,111,44.6
580,Marion County,Black/Hispanic/Native American,18,100,16.3,17.8,18.7,18.5,17.9,4,22.2,10,55.6
580,Marion County,Economically Disadvantaged,105,98,17.4,17.8,18.6,18.4,18.3,28,26.7,58,55.2
580,Marion County,Students with Disabilities,22,96,14,15.9,14.5,15.8,15.1,1,4.5,19,86.4
581,Richard City,All Students,19,95,19.3,19.2,19.9,20.6,19.9,7,36.799999999999997,9,47.4
581,Richard City,Black/Hispanic/Native American,1,*,*,*,*,*,*,*,*,*,*
581,Richard City,Economically Disadvantaged,10,100,19.7,19.5,20.6,20.1,20.1,5,50,4,40
581,Richard City,Students with Disabilities,2,*,*,*,*,*,*,*,*,*,*
590,Marshall County,All Students,394,100,20.3,19.9,20.8,20.7,20.6,190,48.2,144,36.5
590,Marshall County,Black/Hispanic/Native American,72,100,18.1,17.9,19.2,19,18.7,19,26.4,38,52.8
590,Marshall County,Economically Disadvantaged,119,100,18.2,18.1,19,19,18.7,37,31.1,66,55.5
590,Marshall County,English Learners,2,*,*,*,*,*,*,*,*,*,*
590,Marshall County,Students with Disabilities,25,100,12.8,16.1,14.2,16.1,15,**,**,**,**
600,Maury County,All Students,763,99,19.3,19.1,20.1,19.5,19.6,283,37.1,354,46.4
600,Maury County,Black/Hispanic/Native American,187,99,15.5,16.6,16.9,17,16.7,29,15.5,137,73.3
600,Maury County,Economically Disadvantaged,249,100,16.5,17.2,17.8,17.3,17.4,48,19.3,166,66.7
600,Maury County,English Learners,10,100,10.9,17.3,13.4,16.9,14.8,**,**,**,**
600,Maury County,Students with Disabilities,75,97,13.6,15.5,15.1,15.4,15.1,5,6.7,65,86.7
610,Meigs County,All Students,121,99,20.3,19.3,21,20,20.3,56,46.3,52,43
610,Meigs County,Black/Hispanic/Native American,4,*,*,*,*,*,*,*,*,*,*
610,Meigs County,Economically Disadvantaged,52,98,17.5,17.9,19.1,18.4,18.4,15,28.8,30,57.7
610,Meigs County,Students with Disabilities,15,100,13.3,15.5,15.5,16.2,15.3,**,**,**,**
620,Monroe County,All Students,489,100,18,18.5,19.2,18.8,18.8,159,32.5,267,54.6
620,Monroe County,Black/Hispanic/Native American,48,100,15.4,16.6,16.8,16.9,16.6,7,14.6,35,72.900000000000006
620,Monroe County,Economically Disadvantaged,159,100,15.7,17.1,17,17.2,16.9,28,17.600000000000001,117,73.599999999999994
620,Monroe County,English Learners,9,*,*,*,*,*,*,*,*,*,*
620,Monroe County,Students with Disabilities,68,100,12.7,15.2,14.8,15.3,14.7,4,5.9,61,89.7
630,Montgomery County,All Students,2154,95,19.3,19.4,20.9,20.4,20.1,925,42.9,938,43.5
630,Montgomery County,Black/Hispanic/Native American,907,94,17.4,18,19.2,18.8,18.5,263,29,531,58.5
630,Montgomery County,Economically Disadvantaged,695,94,16.8,17.6,18.6,18.2,17.9,178,25.6,437,62.9
630,Montgomery County,English Learners,48,91,13.2,16.7,15.2,16.7,15.5,4,8.3000000000000007,41,85.4
630,Montgomery County,Students with Disabilities,223,90,13.8,15.6,15.5,15.9,15.4,15,6.7,193,86.5
640,Moore County,All Students,66,99,22,21.1,21.6,21.3,21.7,39,59.1,18,27.3
640,Moore County,Black/Hispanic/Native American,4,*,*,*,*,*,*,*,*,*,*
640,Moore County,Economically Disadvantaged,18,95,20.9,19.9,20.8,20.8,20.7,10,55.6,5,27.8
640,Moore County,Students with Disabilities,3,*,*,*,*,*,*,*,*,*,*
650,Morgan County,All Students,215,91,17.3,17.5,18.5,17.6,17.8,52,24.2,132,61.4
650,Morgan County,Black/Hispanic/Native American,4,*,*,*,*,*,*,*,*,*,*
650,Morgan County,Economically Disadvantaged,101,87,16.4,16.9,17.6,16.9,17,17,16.8,75,74.3
650,Morgan County,Students with Disabilities,31,89,12.8,15.3,14.2,13.8,14,1,3.2,28,90.3
660,Obion County,All Students,203,97,20,19.4,20.2,19.9,20,88,43.3,82,40.4
660,Obion County,Black/Hispanic/Native American,26,93,16.1,17.9,17.1,17,17.2,4,15.4,20,76.900000000000006
660,Obion County,Economically Disadvantaged,84,98,18.2,18.6,18.9,18.6,18.7,27,32.1,45,53.6
660,Obion County,English Learners,1,*,*,*,*,*,*,*,*,*,*
660,Obion County,Students with Disabilities,21,84,13.3,15.7,15.4,15.7,15.1,1,4.8,18,85.7
661,Union City,All Students,106,97,23.3,22.2,22.6,22.5,22.8,65,61.3,35,33
661,Union City,Black/Hispanic/Native American,34,94,19.6,19.3,19,19.9,19.6,11,32.4,20,58.8
661,Union City,Economically Disadvantaged,31,94,19.2,19.3,20.2,19.4,19.5,10,32.299999999999997,19,61.3
661,Union City,Students with Disabilities,8,*,*,*,*,*,*,*,*,*,*
670,Overton County,All Students,200,97,18.3,18.6,19.2,18.3,18.7,68,34,99,49.5
670,Overton County,Black/Hispanic/Native American,3,*,*,*,*,*,*,*,*,*,*
670,Overton County,Economically Disadvantaged,73,96,17.3,17.5,18.3,17.2,17.7,17,23.3,42,57.5
670,Overton County,Students with Disabilities,22,92,12.2,14.6,12.9,12.6,13.2,**,**,**,**
680,Perry County,All Students,66,100,16.2,16.9,18,17.7,17.3,12,18.2,45,68.2
680,Perry County,Black/Hispanic/Native American,5,*,*,*,*,*,*,*,*,*,*
680,Perry County,Economically Disadvantaged,27,100,14.7,15.8,16.4,16.1,15.9,1,3.7,22,81.5
680,Perry County,Students with Disabilities,10,100,13.2,14.9,13.4,15,14.3,**,**,**,**
690,Pickett County,All Students,39,100,21,19.3,20.6,20.2,20.4,18,46.2,13,33.299999999999997
690,Pickett County,Black/Hispanic/Native American,2,*,*,*,*,*,*,*,*,*,*
690,Pickett County,Economically Disadvantaged,11,100,20.5,18.5,19.7,19.6,19.7,5,45.5,5,45.5
690,Pickett County,Students with Disabilities,4,*,*,*,*,*,*,*,*,*,*
700,Polk County,All Students,162,98,18.8,18.7,20,19,19.2,63,38.9,81,50
700,Polk County,Black/Hispanic/Native American,7,*,*,*,*,*,*,*,*,*,*
700,Polk County,Economically Disadvantaged,66,96,18.2,18,19,18,18.3,22,33.299999999999997,36,54.5
700,Polk County,Students with Disabilities,18,100,12.6,15.6,14.9,15.5,14.8,**,**,**,**
710,Putnam County,All Students,725,97,19.4,20,21.2,20.4,20.4,323,44.6,307,42.3
710,Putnam County,Black/Hispanic/Native American,135,97,15.5,17.9,17.4,17.5,17.3,29,21.5,96,71.099999999999994
710,Putnam County,Economically Disadvantaged,264,95,16.6,17.9,18.6,18.2,18,66,25,159,60.2
710,Putnam County,English Learners,34,100,11.4,15.3,13.5,14.3,13.8,1,2.9,33,97.1
710,Putnam County,Students with Disabilities,107,94,14.4,16.2,15.8,16.3,15.8,13,12.1,84,78.5
720,Rhea County,All Students,318,99,18.6,19,19.6,19.4,19.3,113,35.5,157,49.4
720,Rhea County,Black/Hispanic/Native American,46,100,14.7,17.2,16.9,16.9,16.5,6,13,35,76.099999999999994
720,Rhea County,Economically Disadvantaged,161,98,16.9,18.1,18.2,18.3,18,36,22.4,102,63.4
720,Rhea County,English Learners,6,*,*,*,*,*,*,*,*,*,*
720,Rhea County,Students with Disabilities,31,97,12.6,15.8,13.5,14.5,14.3,2,6.5,29,93.5
730,Roane County,All Students,476,100,19.1,18.9,20.4,19.8,19.7,183,38.4,221,46.4
730,Roane County,Black/Hispanic/Native American,35,100,16.9,17.5,17.7,17.7,17.6,7,20,23,65.7
730,Roane County,Economically Disadvantaged,179,100,17.3,17.7,18.7,18.5,18.2,48,26.8,113,63.1
730,Roane County,English Learners,1,*,*,*,*,*,*,*,*,*,*
730,Roane County,Students with Disabilities,49,100,13.2,15.3,14.3,15.7,14.9,4,8.1999999999999993,45,91.8
740,Robertson County,All Students,718,95,18.5,19,19.6,19.5,19.3,262,36.5,355,49.4
740,Robertson County,Black/Hispanic/Native American,147,92,15.4,16.8,16.9,17,16.7,21,14.3,109,74.099999999999994
740,Robertson County,Economically Disadvantaged,247,95,16.3,17.4,17.7,17.8,17.4,50,20.2,166,67.2
740,Robertson County,English Learners,16,76,11.9,15.8,14.2,15.3,14.4,1,6.3,14,87.5
740,Robertson County,Students with Disabilities,91,93,13.3,15.8,15,15.2,15,4,4.4000000000000004,84,92.3
750,Rutherford County,All Students,3715,99,20.6,19.9,21.2,20.7,20.8,1731,46.6,1472,39.6
750,Rutherford County,Black/Hispanic/Native American,1312,99,17.7,18,18.6,18.4,18.3,343,26.1,784,59.8
750,Rutherford County,Economically Disadvantaged,1115,99,17.7,18.1,18.5,18.5,18.3,302,27.1,675,60.5
750,Rutherford County,English Learners,179,97,13.1,16.2,14.6,15.9,15.1,8,4.5,162,90.5
750,Rutherford County,Students with Disabilities,307,97,14.2,15.7,15.5,16.3,15.6,20,6.5,273,88.9
760,Scott County,All Students,179,99,18.3,17.9,19.4,18.3,18.6,58,32.4,98,54.7
760,Scott County,Black/Hispanic/Native American,3,*,*,*,*,*,*,*,*,*,*
760,Scott County,Economically Disadvantaged,86,99,17.3,17.3,18.5,17.8,17.9,23,26.7,53,61.6
760,Scott County,Students with Disabilities,10,91,13.7,14.9,13.9,14.3,14.3,**,**,**,**
761,Oneida,All Students,81,95,18.4,19.1,19.9,20,19.5,34,42,34,42
761,Oneida,Economically Disadvantaged,28,88,15.5,17.8,16.8,17.4,17,4,14.3,18,64.3
761,Oneida,Students with Disabilities,10,100,9.8,14.4,12,14.3,12.6,**,**,**,**
770,Sequatchie County,All Students,152,99,18.4,18.4,19.7,19.3,19.1,55,36.200000000000003,75,49.3
770,Sequatchie County,Black/Hispanic/Native American,8,*,*,*,*,*,*,*,*,*,*
770,Sequatchie County,Economically Disadvantaged,68,100,17.4,18.1,18.8,18.4,18.3,22,32.4,38,55.9
770,Sequatchie County,Students with Disabilities,18,100,12.4,14.5,13.7,13.5,13.8,**,**,**,**
780,Sevier County,All Students,955,96,19.8,19.6,20.7,19.9,20.2,409,42.8,414,43.4
780,Sevier County,Black/Hispanic/Native American,111,96,15.3,17,16.8,16.9,16.6,18,16.2,82,73.900000000000006
780,Sevier County,Economically Disadvantaged,321,95,18,18.2,19.1,18.5,18.6,93,29,178,55.5
780,Sevier County,English Learners,44,100,12.2,14.6,14,14.4,14,**,**,**,**
780,Sevier County,Students with Disabilities,75,89,14.8,15.8,16.5,17,16.2,10,13.3,57,76
792,Shelby County,All Students,6224,99,16.5,17.3,18,17.5,17.5,1339,21.5,4188,67.3
792,Shelby County,Black/Hispanic/Native American,5694,99,15.8,16.9,17.3,16.9,16.9,986,17.3,4053,71.2
792,Shelby County,Economically Disadvantaged,3518,99,15,16.4,16.7,16.4,16.3,438,12.5,2729,77.599999999999994
792,Shelby County,English Learners,289,99,12.6,15.7,14.7,15.2,14.7,14,4.8,264,91.3
792,Shelby County,Students with Disabilities,671,98,12.4,15.1,14.4,14.8,14.3,26,3.9,624,93
793,Arlington,All Students,495,99,22.6,21.4,23.9,22.4,22.8,321,64.8,112,22.6
793,Arlington,Black/Hispanic/Native American,110,99,20.3,19.1,21.4,19.9,20.4,50,45.5,43,39.1
793,Arlington,Economically Disadvantaged,45,98,18.8,19,19.5,19.3,19.4,17,37.799999999999997,25,55.6
793,Arlington,English Learners,10,91,14.8,17.2,16.9,16.9,16.7,2,20,7,70
793,Arlington,Students with Disabilities,38,100,15.2,16.9,16.4,17,16.6,7,18.399999999999999,29,76.3
794,Bartlett,All Students,592,100,21.5,20.5,22,21.2,21.5,318,53.7,181,30.6
794,Bartlett,Black/Hispanic/Native American,227,100,19.4,18.8,19.7,19.4,19.5,90,39.6,101,44.5
794,Bartlett,Economically Disadvantaged,121,99,18.7,18.6,19.3,19,19,39,32.200000000000003,58,47.9
794,Bartlett,English Learners,8,*,*,*,*,*,*,*,*,*,*
794,Bartlett,Students with Disabilities,60,100,14.9,16.5,16.3,16.9,16.2,5,8.3000000000000007,52,86.7
795,Collierville,All Students,613,100,25.3,23.6,25.3,24,24.7,480,78.3,89,14.5
795,Collierville,Black/Hispanic/Native American,156,99,20.8,20.1,21.4,20.3,20.8,80,51.3,54,34.6
795,Collierville,Economically Disadvantaged,47,98,17.8,17.9,19,18.2,18.4,14,29.8,24,51.1
795,Collierville,English Learners,7,*,*,*,*,*,*,*,*,*,*
795,Collierville,Students with Disabilities,75,100,18.1,18.2,19.5,18.7,18.8,28,37.299999999999997,40,53.3
796,Germantown,All Students,413,100,27,24.9,27.2,25.6,26.3,356,86.2,27,6.5
796,Germantown,Black/Hispanic/Native American,70,100,24.2,22.3,25,22.8,23.7,52,74.3,9,12.9
796,Germantown,Economically Disadvantaged,21,100,26,22.7,23.9,24,24.3,16,76.2,3,14.3
796,Germantown,English Learners,7,*,*,*,*,*,*,*,*,*,*
796,Germantown,Students with Disabilities,23,100,19.8,19,20.3,19.3,19.9,9,39.1,10,43.5
798,Millington Municipal Schools,All Students,208,100,17.3,18.1,19,18.6,18.4,62,29.8,125,60.1
798,Millington Municipal Schools,Black/Hispanic/Native American,123,100,15.9,17,17.6,17.5,17.2,23,18.7,88,71.5
798,Millington Municipal Schools,Economically Disadvantaged,101,100,15.8,17.2,17.8,17.9,17.3,20,19.8,71,70.3
798,Millington Municipal Schools,English Learners,3,*,*,*,*,*,*,*,*,*,*
798,Millington Municipal Schools,Students with Disabilities,32,100,13.1,15.2,13.9,14.4,14.3,**,**,**,**
800,Smith County,All Students,220,97,18.3,18.8,20.1,19.6,19.4,78,35.5,110,50
800,Smith County,Black/Hispanic/Native American,16,89,14.9,16.5,16.8,17.3,16.6,1,6.3,12,75
800,Smith County,Economically Disadvantaged,77,96,16.1,17.4,18,18.3,17.6,13,16.899999999999999,53,68.8
800,Smith County,Students with Disabilities,27,96,12.1,14.9,14.9,15.7,14.6,1,3.7,26,96.3
810,Stewart County,All Students,171,100,19.2,19.7,20.5,20,19.9,83,48.5,74,43.3
810,Stewart County,Black/Hispanic/Native American,10,100,16.2,18.4,18,17.6,17.8,4,40,6,60
810,Stewart County,Economically Disadvantaged,52,100,16.3,17.8,17.8,17.7,17.3,16,30.8,33,63.5
810,Stewart County,English Learners,1,*,*,*,*,*,*,*,*,*,*
810,Stewart County,Students with Disabilities,25,100,13,15.7,14.4,15.5,14.8,2,8,23,92
820,Sullivan County,All Students,702,98,19.7,19.6,20.7,20.4,20.3,312,44.4,293,41.7
820,Sullivan County,Black/Hispanic/Native American,22,96,18.5,18.3,18.8,19.2,18.9,9,40.9,13,59.1
820,Sullivan County,Economically Disadvantaged,239,96,17,18,18.5,18.6,18.2,66,27.6,139,58.2
820,Sullivan County,English Learners,1,*,*,*,*,*,*,*,*,*,*
820,Sullivan County,Students with Disabilities,94,97,12.8,15.4,15,16,15,1,1.1000000000000001,88,93.6
821,Bristol,All Students,321,98,21.2,20.1,22,21,21.3,170,53,97,30.2
821,Bristol,Black/Hispanic/Native American,34,100,19.6,18.4,20.9,19.7,19.9,17,50,11,32.4
821,Bristol,Economically Disadvantaged,107,98,18.2,18,19.4,19,18.9,31,29,55,51.4
821,Bristol,English Learners,4,*,*,*,*,*,*,*,*,*,*
821,Bristol,Students with Disabilities,19,95,14.2,14.8,15.5,14.6,15.1,**,**,**,**
822,Kingsport,All Students,497,98,21.3,21.7,22.2,21.8,21.9,283,56.9,158,31.8
822,Kingsport,Black/Hispanic/Native American,68,100,16.9,18.5,18.5,18.9,18.4,22,32.4,37,54.4
822,Kingsport,Economically Disadvantaged,177,97,17.2,18.7,18.8,18.5,18.4,55,31.1,92,52
822,Kingsport,English Learners,7,*,*,*,*,*,*,*,*,*,*
822,Kingsport,Students with Disabilities,75,99,13.2,15.4,15.3,15.8,15.1,6,8,64,85.3
830,Sumner County,All Students,2001,98,20.7,20.2,21.7,20.9,21,991,49.5,711,35.5
830,Sumner County,Black/Hispanic/Native American,386,97,17.4,17.9,18.5,18.4,18.2,101,26.2,231,59.8
830,Sumner County,Economically Disadvantaged,473,97,17.6,18,18.9,18.5,18.4,134,28.3,279,59
830,Sumner County,English Learners,26,84,13.4,17.1,14.9,15.6,15.4,3,11.5,21,80.8
830,Sumner County,Students with Disabilities,226,96,14.9,16.3,16.1,16.4,16.1,27,11.9,179,79.2
840,Tipton County,All Students,748,97,20.7,19.8,20.7,20.4,20.6,360,48.1,288,38.5
840,Tipton County,Black/Hispanic/Native American,188,94,17.4,17.6,17.8,17.5,17.7,43,22.9,122,64.900000000000006
840,Tipton County,Economically Disadvantaged,235,94,18.3,18.2,18.7,18.5,18.6,70,29.8,140,59.6
840,Tipton County,Students with Disabilities,60,81,13.9,15.7,14.7,15.9,15.1,3,5,56,93.3
850,Trousdale County,All Students,87,98,20.6,20.2,21.1,21.2,21,35,40.200000000000003,35,40.200000000000003
850,Trousdale County,Black/Hispanic/Native American,16,94,16.7,17.1,17.5,17.9,17.5,1,6.3,12,75
850,Trousdale County,Economically Disadvantaged,31,100,17.6,17.7,18.5,18.6,18.2,4,12.9,18,58.1
850,Trousdale County,English Learners,1,*,*,*,*,*,*,*,*,*,*
850,Trousdale County,Students with Disabilities,10,83,14.2,15.3,17.9,17.5,16.5,1,10,8,80
860,Unicoi County,All Students,178,95,19.3,19.3,20.2,19.5,19.7,71,39.9,83,46.6
860,Unicoi County,Black/Hispanic/Native American,23,88,17.3,18.9,18.7,18.7,18.5,8,34.799999999999997,13,56.5
860,Unicoi County,Economically Disadvantaged,78,95,17.4,18.3,18.6,18.1,18.3,24,30.8,46,59
860,Unicoi County,English Learners,8,*,*,*,*,*,*,*,*,*,*
860,Unicoi County,Students with Disabilities,26,93,12.7,15.4,13.6,15.5,14.4,**,**,**,**
870,Union County,All Students,185,99,15.8,16.8,17.2,17.2,16.9,38,20.5,128,69.2
870,Union County,Black/Hispanic/Native American,6,*,*,*,*,*,*,*,*,*,*
870,Union County,Economically Disadvantaged,98,99,15.1,16.6,17,16.8,16.5,23,23.5,69,70.400000000000006
870,Union County,Students with Disabilities,18,95,11.1,14.8,13.3,14.9,13.6,1,5.6,17,94.4
880,Van Buren County,All Students,58,100,17.7,18.5,19.9,19,18.9,20,34.5,26,44.8
880,Van Buren County,Black/Hispanic/Native American,4,*,*,*,*,*,*,*,*,*,*
880,Van Buren County,Economically Disadvantaged,27,100,17.1,18.1,19.1,18.3,18.3,7,25.9,16,59.3
880,Van Buren County,English Learners,1,*,*,*,*,*,*,*,*,*,*
880,Van Buren County,Students with Disabilities,9,*,*,*,*,*,*,*,*,*,*
890,Warren County,All Students,415,100,18.1,18,18.9,19,18.7,124,29.9,226,54.5
890,Warren County,Black/Hispanic/Native American,96,100,16.2,17.3,17.9,18.1,17.5,21,21.9,63,65.599999999999994
890,Warren County,Economically Disadvantaged,192,100,17,17.3,17.7,18.1,17.7,43,22.4,122,63.5
890,Warren County,English Learners,16,100,12.6,15,15.3,15.6,14.8,**,**,**,**
890,Warren County,Students with Disabilities,41,100,12.2,14.9,14.1,15,14.2,**,**,**,**
900,Washington County,All Students,690,97,20.3,19.8,20.8,20.4,20.5,311,45.1,283,41
900,Washington County,Black/Hispanic/Native American,44,96,18,19,18.7,18.9,18.8,14,31.8,24,54.5
900,Washington County,Economically Disadvantaged,190,95,17.2,17.8,18.3,17.9,17.9,47,24.7,116,61.1
900,Washington County,English Learners,2,*,*,*,*,*,*,*,*,*,*
900,Washington County,Students with Disabilities,79,98,13.9,15.3,14.9,15.5,15,6,7.6,69,87.3
901,Johnson City,All Students,471,97,22.4,22.2,23.4,22.4,22.7,293,62.2,125,26.5
901,Johnson City,Black/Hispanic/Native American,107,97,18.4,19.7,20.3,19.9,19.7,43,40.200000000000003,46,43
901,Johnson City,Economically Disadvantaged,141,95,18.2,19,20.1,19.5,19.4,54,38.299999999999997,67,47.5
901,Johnson City,English Learners,9,*,*,*,*,*,*,*,*,*,*
901,Johnson City,Students with Disabilities,49,94,14,16.3,15.7,16.7,15.9,5,10.199999999999999,39,79.599999999999994
910,Wayne County,All Students,161,97,17.7,17.6,19,18.4,18.3,48,29.8,83,51.6
910,Wayne County,Black/Hispanic/Native American,2,*,*,*,*,*,*,*,*,*,*
910,Wayne County,Economically Disadvantaged,66,96,16.8,17.2,17.7,17.7,17.5,17,25.8,39,59.1
910,Wayne County,Students with Disabilities,32,89,13.2,15.2,13.9,14.9,14.5,1,3.1,31,96.9
920,Weakley County,All Students,276,99,20.7,20,21.5,21.2,21,151,54.7,90,32.6
920,Weakley County,Black/Hispanic/Native American,33,94,16.4,17.3,18.5,18.4,17.8,9,27.3,19,57.6
920,Weakley County,Economically Disadvantaged,89,97,18,18.1,19.6,19.5,18.9,37,41.6,45,50.6
920,Weakley County,Students with Disabilities,24,96,12.6,14.8,14.8,16,14.7,**,**,**,**
930,White County,All Students,266,99,19.2,19.6,20.1,19.7,19.8,108,40.6,117,44
930,White County,Black/Hispanic/Native American,14,100,17.6,17.8,18.4,17.9,18,5,35.700000000000003,7,50
930,White County,Economically Disadvantaged,118,99,17.7,18.4,18.8,18.5,18.4,31,26.3,68,57.6
930,White County,Students with Disabilities,33,100,14.6,15.6,15.9,16.4,15.8,4,12.1,28,84.8
940,Williamson County,All Students,3096,100,25.4,24.3,26,24.7,25.3,2470,79.8,358,11.6
940,Williamson County,Black/Hispanic/Native American,448,100,21.7,21.4,23,21.8,22.1,266,59.4,129,28.8
940,Williamson County,Economically Disadvantaged,193,100,20.3,20.1,21.7,21.1,21,99,51.3,65,33.700000000000003
940,Williamson County,English Learners,44,100,15.8,19.2,17.2,19,17.9,14,31.8,25,56.8
940,Williamson County,Students with Disabilities,248,100,18.4,18.7,20.2,19.9,19.4,87,35.1,127,51.2
950,Wilson County,All Students,1586,99,20.7,19.7,21.5,21.1,20.9,770,48.5,571,36
950,Wilson County,Black/Hispanic/Native American,280,99,17,17.3,18.2,18.1,17.8,58,20.7,187,66.8
950,Wilson County,Economically Disadvantaged,366,98,17.6,17.6,18.7,18.6,18.2,86,23.5,224,61.2
950,Wilson County,English Learners,48,100,14,16.9,15.6,16.6,15.9,5,10.4,38,79.2
950,Wilson County,Students with Disabilities,139,98,14.7,16.5,16.8,17.2,16.5,15,10.8,107,77
961,Alvin C York Institute,All Students,123,98,18.5,19.3,19.5,19.1,19.3,49,39.799999999999997,62,50.4
961,Alvin C York Institute,Economically Disadvantaged,43,96,16.4,18,17.5,17.5,17.5,9,20.9,29,67.400000000000006
961,Alvin C York Institute,Students with Disabilities,16,100,13.4,14.9,13.7,14,14,**,**,**,**
963,Tennessee School for Blind,All Students,3,*,*,*,*,*,*,*,*,*,*
963,Tennessee School for Blind,Black/Hispanic/Native American,2,*,*,*,*,*,*,*,*,*,*
963,Tennessee School for Blind,Economically Disadvantaged,1,*,*,*,*,*,*,*,*,*,*
963,Tennessee School for Blind,English Learners,1,*,*,*,*,*,*,*,*,*,*
963,Tennessee School for Blind,Students with Disabilities,3,*,*,*,*,*,*,*,*,*,*
964,Tennessee School for the Deaf,All Students,6,*,*,*,*,*,*,*,*,*,*
964,Tennessee School for the Deaf,Black/Hispanic/Native American,1,*,*,*,*,*,*,*,*,*,*
964,Tennessee School for the Deaf,Economically Disadvantaged,4,*,*,*,*,*,*,*,*,*,*
964,Tennessee School for the Deaf,Students with Disabilities,6,*,*,*,*,*,*,*,*,*,*
970,Department Of Children's Services Education Division,All Students,38,41,14.7,16.2,15.3,15.8,15.7,3,7.9,31,81.599999999999994
970,Department Of Children's Services Education Division,Black/Hispanic/Native American,16,39,13,14.4,12.8,13.9,13.7,**,**,**,**
970,Department Of Children's Services Education Division,Economically Disadvantaged,33,38,14.5,15.9,14.9,15.3,15.3,2,6.1,28,84.8
970,Department Of Children's Services Education Division,English Learners,2,*,*,*,*,*,*,*,*,*,*
970,Department Of Children's Services Education Division,Students with Disabilities,11,35,14.7,16.1,16.1,16.3,15.9,1,9.1,9,81.8
985,Achievement School District,All Students,294,83,13.4,15.4,14.8,15,14.8,14,4.8,261,88.8
985,Achievement School District,Black/Hispanic/Native American,292,83,13.4,15.4,14.9,15,14.8,14,4.8,259,88.7
985,Achievement School District,Economically Disadvantaged,244,83,13.2,15.2,14.6,14.7,14.6,9,3.7,221,90.6
985,Achievement School District,English Learners,7,*,*,*,*,*,*,*,*,*,*
985,Achievement School District,Students with Disabilities,40,67,11,14.6,13,13.1,13,**,**,**,**
